aaaaaaaaaa	AaPUUx01CV
AaPUUx01CV	Absec7O6l3
Absec7O6l3	AbXavFG2JO
AbXavFG2JO	AcqF7Vy3n4
AcqF7Vy3n4	AcVTTg9CnH
AcVTTg9CnH	AdozXCcBdr
AdozXCcBdr	AdRTp8z30A
AdRTp8z30A	AemMOXq10S
AemMOXq10S	AeOf2qK1aS
AeOf2qK1aS	AfjbyA26D1
AfjbyA26D1	AfNenXF2Pg
AfNenXF2Pg	AggLUa58xK
AggLUa58xK	AgK2xOt5gY
AgK2xOt5gY	AhfiglBAN6
AhfiglBAN6	AhIj9cwBmo
AhIj9cwBmo	Aicctl4GqA
Aicctl4GqA	AiDSZf25Cn
AiDSZf25Cn	Ai7yuf334A
Ai7yuf334A	AjBKvhc2OJ
AjBKvhc2OJ	Aj4qDRZ54S
Aj4qDRZ54S	AkzlgEz45F
AkzlgEz45F	Ak1MLvV07S
Ak1MLvV07S	AluqmD23J0
AluqmD23J0	AlZ0LU7CVp
AlZ0LU7CVp	AmtsRRw21w
AmtsRRw21w	AmY62j75D9
AmY62j75D9	Ant7W9fE6H
Ant7W9fE6H	AnXYtTi3Qu
AnXYtTi3Qu	AorxXbqAzf
AorxXbqAzf	AoXmO942Io
AoXmO942Io	ApqM7J5Fk5
ApqM7J5Fk5	ApTOrp73tZ
ApTOrp73tZ	Aqm0zUg5rb
Aqm0zUg5rb	AqOlyMX6V9
AqOlyMX6V9	Ari5Lu534A
Ari5Lu534A	ArRAzc37i3
ArRAzc37i3	AtlMy2U6yv
AtlMy2U6yv	AtQ7Irx37S
AtQ7Irx37S	AupX0mgCQa
AupX0mgCQa	AuVrOTw26z
AuVrOTw26z	Avrtvy9DV0
Avrtvy9DV0	AvULJdH7l7
AvULJdH7l7	AwqgVNeCBU
AwqgVNeCBU	AwVwswf9x3
AwVwswf9x3	AxrecAk4bt
AxrecAk4bt	AxXbP470Yt
AxXbP470Yt	AypXTWMGsk
AypXTWMGsk	AyV9Jxg2qt
AyV9Jxg2qt	AzqMhcH01S
AzqMhcH01S	AzV0bnX3oq
AzV0bnX3oq	AArUbbt43S
AArUbbt43S	AAVjmrB6VR
AAVjmrB6VR	ABqcEKlF6N
ABqcEKlF6N	ABVthYe5l0
ABVthYe5l0	ACr7MzwKDX
ACr7MzwKDX	ACW599t4m3
ACW599t4m3	ADrj9pR30A
ADrj9pR30A	ADXgGpl8na
ADXgGpl8na	AErkUgT37S
AErkUgT37S	AETZ4G46Fd
AETZ4G46Fd	AFqQEXW5xB
AFqQEXW5xB	AFUOOkYB2R
AFUOOkYB2R	AGNB8Rm7Vl
AGNB8Rm7Vl	AHtsoEV7ZO
AHtsoEV7ZO	AIvzcSP51F
AIvzcSP51F	AIZunf13q8
AIZunf13q8	AJrgj2I199
AJrgj2I199	AJXmGIP8Nn
AJXmGIP8Nn	AKrs4yf33A
AKrs4yf33A	AKXhtzHF1M
AKXhtzHF1M	ALqr3G6EV2
ALqr3G6EV2	ALWzphq6CK
ALWzphq6CK	AMskNko199
AMskNko199	AMUutVe5Ch
AMUutVe5Ch	ANoJt9tA15
ANoJt9tA15	ANSjqm47dY
ANSjqm47dY	AOmGmNF36B
AOmGmNF36B	AOQOvTX7l7
AOQOvTX7l7	APjalhj2OU
APjalhj2OU	APMtW3W4Zy
APMtW3W4Zy	AQhCPQY5xB
AQhCPQY5xB	AQLe64101S
AQLe64101S	ARgnAjU5Cn
ARgnAjU5Cn	ARKsqiw5oy
ARKsqiw5oy	ASdXqDFBG3
ASdXqDFBG3	ASIpZop70m
ASIpZop70m	ATfgWeP5O4
ATfgWeP5O4	ATJq1KTD8G
ATJq1KTD8G	AUd28bh36B
AUd28bh36B	AUHKZ2f30A
AUHKZ2f30A	AVc4TGl5Cu
AVc4TGl5Cu	AVHHwow9Ma
AVHHwow9Ma	AWeN5fN34A
AWeN5fN34A	AWJTzVmGpJ
AWJTzVmGpJ	AXc2pey7bU
AXc2pey7bU	AXHtbfh4bM
AXHtbfh4bM	AYcmE8e5nJ
AYcmE8e5nJ	AYJEty8ETd
AYJEty8ETd	AZ1nQou6Y7
AZ1nQou6Y7	A0vPvc137S
A0vPvc137S	A00dk1c5qH
A00dk1c5qH	A1ueSLz7zE
A1ueSLz7zE	A11sBMeAzi
A11sBMeAzi	A2xyTvF3RV
A2xyTvF3RV	A205ju63ZT
A205ju63ZT	A3vs1tB438
A3vs1tB438	A310Wyg5Cu
A310Wyg5Cu	A4u3WV33Yb
A4u3WV33Yb	A41HgDB33A
A41HgDB33A	A5vaXZXIsE
A5vaXZXIsE	A50JAnQ5Ds
A50JAnQ5Ds	A6vklaLDXd
A6vklaLDXd	A6YJAvZ15A
A6YJAvZ15A	A7t5yVHBmL
A7t5yVHBmL	A7ZWqz22Tw
A7ZWqz22Tw	A8uRGGP37S
A8uRGGP37S	A80eaEj15A
A80eaEj15A	A9tQeeM923
A9tQeeM923	A9YuDYn30A
A9YuDYn30A	BaueosA9gO
BaueosA9gO	BaX78kLAwr
BaX78kLAwr	BbrRM5x37S
BbrRM5x37S	BbW9oeLAR1
BbW9oeLAR1	Bcs9aRp9oN
Bcs9aRp9oN	BcZfUvvCVp
BcZfUvvCVp	Bds1Lec4nd
Bds1Lec4nd	BdYmUxlFA1
BdYmUxlFA1	BetrJu87D7
BetrJu87D7	BeWvgiU9GW
BeWvgiU9GW	BfsgSDU8qa
BfsgSDU8qa	BfWoUaa02u
BfWoUaa02u	BgsIJur37S
BgsIJur37S	BgWYgDh5Fe
BgWYgDh5Fe	BhrF1g27GH
BhrF1g27GH	BhWRoXJ197
BhWRoXJ197	BiqIXreFPz
BiqIXreFPz	BiUUSNm10S
BiUUSNm10S	BjqLfTEIw6
BjqLfTEIw6	BjTCR64MPn
BjTCR64MPn	BkoMAeeGsh
BkoMAeeGsh	BkSD4XB5DQ
BkSD4XB5DQ	BloaEcL01S
BloaEcL01S	BlRFtd85nH
BlRFtd85nH	Bm8yufv2Ld
Bm8yufv2Ld	BnPMdsn01S
BnPMdsn01S	BosQeqP3bX
BosQeqP3bX	BoXhXB4AR1
BoXhXB4AR1	BpqqDoN9ip
BpqqDoN9ip	BpTP5er43S
BpTP5er43S	BqndGffI4c
BqndGffI4c	BqQ4Zba02u
BqQ4Zba02u	BrlYVayCR3
BrlYVayCR3	BrNTS5XIIL
BrNTS5XIIL	Bsjzlyw947
Bsjzlyw947	BsNXUdF2kP
BsNXUdF2kP	Bthtl7gJy6
Bthtl7gJy6	BtLSahY2OJ
BtLSahY2OJ	BugsaTjLuh
BugsaTjLuh	BuLFDNB5Cz
BuLFDNB5Cz	BvhxsL7FjK
BvhxsL7FjK	BvLlxT35Df
BvLlxT35Df	Bwe6qz58bc
Bwe6qz58bc	BwIqVSf7CO
BwIqVSf7CO	Bxet3XyCOl
Bxet3XyCOl	BxHtqah4kN
BxHtqah4kN	BybsgzWDxO
BybsgzWDxO	ByFCAQjFWF
ByFCAQjFWF	By8KSWT046
By8KSWT046	BzDq7zl34A
BzDq7zl34A	Bz6Eu6CIUr
Bz6Eu6CIUr	BAVfGfE83S
BAVfGfE83S	BCfrghd34A
BCfrghd34A	BCJ26rL5SY
BCJ26rL5SY	BDemPFx43S
BDemPFx43S	BDHioFmCHH
BDHioFmCHH	BEaPX5vEyl
BEaPX5vEyl	BEFsgARCnH
BEFsgARCnH	BFaSaht72f
BFaSaht72f	BFEJsgv9zA
BFEJsgv9zA	BF9PojB30A
BF9PojB30A	BGFhocOCOn
BGFhocOCOn	BG8ZGnS3ar
BG8ZGnS3ar	BHC5Qv3Hug
BHC5Qv3Hug	BH8kBAb5Dg
BH8kBAb5Dg	BICrtSqCOB
BICrtSqCOB	BI62xuXCey
BI62xuXCey	BJClOIB5Dg
BJClOIB5Dg	BJ5vryW6VR
BJ5vryW6VR	BKBjfLW16W
BKBjfLW16W	BK50ibi1nH
BK50ibi1nH	BLAVQwc199
BLAVQwc199	BL6omiD0KD
BL6omiD0KD	BMBEQJa5Dg
BMBEQJa5Dg	BM3LCF739F
BM3LCF739F	BNyStmc06K
BNyStmc06K	BN2L8OP36B
BN2L8OP36B	BOw52fr7zE
BOw52fr7zE	BO0mLiiCpt
BO0mLiiCpt	BPxPKIx2Nd
BPxPKIx2Nd	BP0LEsU191
BP0LEsU191	BQvvdEP30A
BQvvdEP30A	BQ0bLJbBU4
BQ0bLJbBU4	BRtiFiSJ8A
BRtiFiSJ8A	BRYCdqRAF8
BRYCdqRAF8	BStyYvx37S
BStyYvx37S	BSWNlo54D9
BSWNlo54D9	BT0kifQ4nr
BT0kifQ4nr	BUvSuif30A
BUvSuif30A	BVyejYO5r9
BVyejYO5r9	BV4Ckf19GW
BV4Ckf19GW	BWyLB1X5D7
BWyLB1X5D7	BW1lCzK199
BW1lCzK199	BXwQxnh7l7
BXwQxnh7l7	BX1uJ907PC
BX1uJ907PC	BYvoW5t8SL
BYvoW5t8SL	BY0ADjYG8k
BY0ADjYG8k	BZv2zVC59R
BZv2zVC59R	BZ0uVU137S
BZ0uVU137S	B0u9GXj3nS
B0u9GXj3nS	B00FN3EGFH
B00FN3EGFH	B1vTRNa7Vl
B1vTRNa7Vl	B10lF045q5
B10lF045q5	B2t44Mp5Ps
B2t44Mp5Ps	B2ZFvwv07S
B2ZFvwv07S	B3wbhK99Bm
B3wbhK99Bm	B3YTCde6KJ
B3YTCde6KJ	B4uqnZ336B
B4uqnZ336B	B4ZV6Bf3oq
B4ZV6Bf3oq	B5s94jr5DI
B5s94jr5DI	B5WF9J8HxM
B5WF9J8HxM	B6ss0uc5xB
B6ss0uc5xB	B6UCe5M7hD
B6UCe5M7hD	B7qnD2P3oC
B7qnD2P3oC	B7U4svdBWO
B7U4svdBWO	B8pqhpB37S
B8pqhpB37S	B8Thzg937S
B8Thzg937S	B9or15QGv0
B9or15QGv0	B9SeiZfHbo
B9SeiZfHbo	CamxtWW5Du
CamxtWW5Du	CaR4juL5Dm
CaR4juL5Dm	Cbnf68tBG3
Cbnf68tBG3	CbO8CEo2LH
CbO8CEo2LH	CclWvga2k5
CclWvga2k5	CcQGYxtCm4
CcQGYxtCm4	CdjSrAV5DT
CdjSrAV5DT	CdPd3OQ0ZX
CdPd3OQ0ZX	CekoWEj37S
CekoWEj37S	CeQtciw5Ds
CeQtciw5Ds	CfjT5Iu7D7
CfjT5Iu7D7	CfOGDDd37S
CfOGDDd37S	CgHGsoXA4i
CgHGsoXA4i	ChnEOqy6Si
ChnEOqy6Si	CiqEs116D1
CiqEs116D1	CiUPzSI5O4
CiUPzSI5O4	CjpqW856D1
CjpqW856D1	CjTPTpo2DT
CjTPTpo2DT	Ckn9sxu193
Ckn9sxu193	CkRsMaS7CO
CkRsMaS7CO	Cln38Pb7hD
Cln38Pb7hD	ClTCcTw4Ez
ClTCcTw4Ez	CmmfB6A12C
CmmfB6A12C	CmQCuU53K2
CmQCuU53K2	Cni2uzsAjz
Cni2uzsAjz	CnM8H4i2rU
CnM8H4i2rU	CogzINK4l6
CogzINK4l6	CoJAKENEah
CoJAKENEah	CpdEyO107S
CpdEyO107S	CpHLDPaDuO
CpHLDPaDuO	Cp83KXB5P6
Cp83KXB5P6	CqDXtY137S
CqDXtY137S	Cq86CI9656
Cq86CI9656	CrCpW1R3tZ
CrCpW1R3tZ	Cr78aDX63f
Cr78aDX63f	CsCSfVV6eP
CsCSfVV6eP	Cs4Dq6537S
Cs4Dq6537S	CtzmIFL7cr
CtzmIFL7cr	Ct05b7a5u7
Ct05b7a5u7	CuvKxhZCpt
CuvKxhZCpt	CuXWJXE5Je
CuXWJXE5Je	Cvq5hiQ8iK
Cvq5hiQ8iK	CvTM5goJSX
CvTM5goJSX	CwnxdBf7Nw
CwnxdBf7Nw	CwRGFoQ6nO
CwRGFoQ6nO	CxlcZIX1b0
CxlcZIX1b0	CxNMrXyFA1
CxNMrXyFA1	CyjSxbH3oU
CyjSxbH3oU	CyMU0xu0kW
CyMU0xu0kW	Cz4TToQ199
Cz4TToQ199	CAysxF76nO
CAysxF76nO	CA4Ndxq0Qg
CA4Ndxq0Qg	CBAmyFKA15
CBAmyFKA15	CB6nXlB2UK
CB6nXlB2UK	CCAyx0s3TL
CCAyx0s3TL	CC46GN5BVn
CC46GN5BVn	CDz25HG5qz
CDz25HG5qz	CD4nz1Q5qq
CD4nz1Q5qq	CEBc8hN42A
CEBc8hN42A	CE6P9l73dA
CE6P9l73dA	CFCtB0G23g
CFCtB0G23g	CF6badH2OJ
CF6badH2OJ	CGCkc694kN
CGCkc694kN	CG547PF4rh
CG547PF4rh	CHAM66OLwp
CHAM66OLwp	CH4y2PMDiB
CH4y2PMDiB	CIyFdRp30A
CIyFdRp30A	CI3BA6l3SY
CI3BA6l3SY	CJAxEql7OF
CJAxEql7OF	CJ5jbof197
CJ5jbof197	CKAoLAK8SW
CKAoLAK8SW	CK4clP737S
CK4clP737S	CLzyadF15A
CLzyadF15A	CL3JpRL5Jb
CL3JpRL5Jb	CMy0TGQ2Un
CMy0TGQ2Un	CM1Xm1X8J7
CM1Xm1X8J7	CNP0KMD07S
CNP0KMD07S	CPa2pdTB5d
CPa2pdTB5d	CPCXe506CQ
CPCXe506CQ	CP7wEVk4YM
CP7wEVk4YM	CQFSNHbCPl
CQFSNHbCPl	CRc9mWn0Z6
CRc9mWn0Z6	CRHgcQd4p3
CRHgcQd4p3	CSab3Ni196
CSab3Ni196	CSEhCwZBeO
CSEhCwZBeO	CTaAW6ZBFX
CTaAW6ZBFX	CTFnbjb8p7
CTFnbjb8p7	CUa3nLW2PS
CUa3nLW2PS	CUFtRVD5Df
CUFtRVD5Df	CVdxDla6fu
CVdxDla6fu	CVJlvyX5yN
CVJlvyX5yN	CWbDVT1Fk5
CWbDVT1Fk5	CWHueIU8XT
CWHueIU8XT	CXbgNXe0RA
CXbgNXe0RA	CXGkNuOG6l
CXGkNuOG6l	CYa9sK6FNu
CYa9sK6FNu	CYFzWGv37S
CYFzWGv37S	CY9hJL8191
CY9hJL8191	CZFZ8SH0XE
CZFZ8SH0XE	C0bi1pPA05
C0bi1pPA05	C0FYR8oHav
C0FYR8oHav	C08wIh12qX
C08wIh12qX	C1D4vGD14C
C1D4vGD14C	C160Tyc5Cn
C160Tyc5Cn	C2CirpcB3n
C2CirpcB3n	C24UbRq5ke
C24UbRq5ke	C3ydKC25db
C3ydKC25db	C30iYZm3hy
C30iYZm3hy	C4ASb2N92i
C4ASb2N92i	C43gF7L5ij
C43gF7L5ij	C6wmhQA1zm
C6wmhQA1zm	C68I5XW5ig
C68I5XW5ig	C7BISaA0ZX
C7BISaA0ZX	C78fo5QH9M
C78fo5QH9M	C8ACPmT30A
C8ACPmT30A	C83SOuk3Xv
C83SOuk3Xv	C9zYHEQ2ej
C9zYHEQ2ej	C94P3ncD90
C94P3ncD90	DaTedlZH4s
DaTedlZH4s	DcdILRZ36B
DcdILRZ36B	DcGEm2XB5d
DcGEm2XB5d	Ddb6xjNAF8
Ddb6xjNAF8	DdF2itgBSV
DdF2itgBSV	DebdsDK9nj
DebdsDK9nj	DeFLec85Cv
DeFLec85Cv	De8MdeC7hO
De8MdeC7hO	DfDdlGP3Sx
DfDdlGP3Sx	Df61LRB07S
Df61LRB07S	DgBnAsBH2H
DgBnAsBH2H	Dg5YOeI5Df
Dg5YOeI5Df	Dhzcjg52en
Dhzcjg52en	Dh22Akq06Q
Dh22Akq06Q	Diyx4VpG8m
Diyx4VpG8m	Di4ih0O6xC
Di4ih0O6xC	DjxPn4kJEQ
DjxPn4kJEQ	Dj2e5WG64q
Dj2e5WG64q	DkvMcpF37S
DkvMcpF37S	DkZDGem2k5
DkZDGem2k5	DltkdpP94v
DltkdpP94v	DlVvFuS6cS
DlVvFuS6cS	DmpMoaY3YS
DmpMoaY3YS	DmUyIej5Ch
DmUyIej5Ch	DnpsQDp33A
DnpsQDp33A	DnTkMN16AD
DnTkMN16AD	Dom56Uj36B
Dom56Uj36B	DoPi9bN43S
DoPi9bN43S	DpkgeYL30A
DpkgeYL30A	DpOO23E94v
DpOO23E94v	DqhH4tY8kF
DqhH4tY8kF	DqLRgpd37S
DqLRgpd37S	DreXAXj3K2
DreXAXj3K2	DrJZbCpAAz
DrJZbCpAAz	DscOxQ934A
DscOxQ934A	DsIx6hN37S
DsIx6hN37S	DtBf32U3J0
DtBf32U3J0	DuhbmBxELH
DuhbmBxELH	DvlTaVr5Ab
DvlTaVr5Ab	DvQlSB89JX
DvQlSB89JX	DwmlD6tBs6
DwmlD6tBs6	DwQNX43AD0
DwQNX43AD0	DxjGSBYAXU
DxjGSBYAXU	DxN9xUf37S
DxN9xUf37S	DyirXrtDqd
DyirXrtDqd	DyLsRyO4p3
DyLsRyO4p3	DzgTDn5IXy
DzgTDn5IXy	DzKPrhB43S
DzKPrhB43S	DAefpI37Jo
DAefpI37Jo	DAKkmK5Dau
DAKkmK5Dau	DBdPnP736B
DBdPnP736B	DBKbmi97IY
DBKbmi97IY	DCfmYw39Eo
DCfmYw39Eo	DCJPTaL4Zj
DCJPTaL4Zj	DDeC6Ij34A
DDeC6Ij34A	DDJ26hV37S
DDJ26hV37S	DEdbYXaKYJ
DEdbYXaKYJ	DEGNtqqH9Q
DEGNtqqH9Q	DFcxZOU10S
DFcxZOU10S	DFGvrX8GJ1
DFGvrX8GJ1	DGbAssr43S
DGbAssr43S	DGIvtrXBVn
DGIvtrXBVn	DHcfC8Q6UO
DHcfC8Q6UO	DHJ7MfG74v
DHJ7MfG74v	DJexGhr8bA
DJexGhr8bA	DJK3Wj2COn
DJK3Wj2COn	DKnxGTo7i3
DKnxGTo7i3	DKSLpJa4F3
DKSLpJa4F3	DLoinonJPJ
DLoinonJPJ	DLQDazv6dG
DLQDazv6dG	DMkYbV26fK
DMkYbV26fK	DMP01gh63f
DMP01gh63f	DNlHjKG6wz
DNlHjKG6wz	DNSY11I2U6
DNSY11I2U6	DOn9pu0668
DOn9pu0668	DOTsocLIaz
DOTsocLIaz	DPmXvUfCEA
DPmXvUfCEA	DPSNHfGAbA
DPSNHfGAbA	DQnHfLV01S
DQnHfLV01S	DQRcVxW5DT
DQRcVxW5DT	DRoDPE82gm
DRoDPE82gm	DRUcLlc7Lu
DRUcLlc7Lu	DSqerzD2Ke
DSqerzD2Ke	DSVRSjp37S
DSVRSjp37S	DTp5Zwg2My
DTp5Zwg2My	DTVCxx26sl
DTVCxx26sl	DUrsG8ZCJD
DUrsG8ZCJD	DUVPKdAMJZ
DUVPKdAMJZ	DVro1Tt43S
DVro1Tt43S	DVV0MiI6wz
DVV0MiI6wz	DWqVpP010S
DWqVpP010S	DWXn7Mf37S
DWXn7Mf37S	DXtDSS6BBG
DXtDSS6BBG	DXZt3aC2k5
DXZt3aC2k5	DYuRKEB3Xv
DYuRKEB3Xv	DY0GRhH0oO
DY0GRhH0oO	DZxlrIcAA8
DZxlrIcAA8	DZ3qtsK8mH
DZ3qtsK8mH	D0yw8w530A
D0yw8w530A	D1pg1Yn0BN
D1pg1Yn0BN	D1R09lIC1F
D1R09lIC1F	D2nWqZ93n0
D2nWqZ93n0	D2Sr2DV7Bp
D2Sr2DV7Bp	D3lBJ6i3oa
D3lBJ6i3oa	D3QlFHEC6C
D3QlFHEC6C	D4j0rSxAR1
D4j0rSxAR1	D4Ousnl5b5
D4Ousnl5b5	D5jxkPHC5M
D5jxkPHC5M	D5NNlDd37S
D5NNlDd37S	D6iIxqzCuS
D6iIxqzCuS	D6NYTGr6i8
D6NYTGr6i8	D7iywkL54S
D7iywkL54S	D7LhHJm74R
D7LhHJm74R	D8gsBXQDV0
D8gsBXQDV0	D8L0PxfBjh
D8L0PxfBjh	D9en6oU2Pz
D9en6oU2Pz	D9HmXXn2qR
D9HmXXn2qR	EadC6kP5Je
EadC6kP5Je	EaImGhN37S
EaImGhN37S	EbbeJbw63f
EbbeJbw63f	EbGM9T967H
EbGM9T967H	Ecaw6L54gP
Ecaw6L54gP	EcHacPJDw8
EcHacPJDw8	Ec9lLkH43S
Ec9lLkH43S	EdCPKd812g
EdCPKd812g	Ed5duS22K9
Ed5duS22K9	EeDxPEk77R
EeDxPEk77R	Ee8cUGv33A
Ee8cUGv33A	EfAiYLn7D3
EfAiYLn7D3	Ef6jIiQ191
Ef6jIiQ191	EgCbfWc193
EgCbfWc193	Eg65noK9OX
Eg65noK9OX	EhCpGBq5q5
EhCpGBq5q5	Eh7d7CA9Vj
Eh7d7CA9Vj	EiALsAe3n8
EiALsAe3n8	Ei4kbSr37S
Ei4kbSr37S	EjBd9rI5cY
EjBd9rI5cY	Ej56Rb03tX
Ej56Rb03tX	EkycRJSJyo
EkycRJSJyo	Ek1VI5B30A
Ek1VI5B30A	ElxyAec2Jt
ElxyAec2Jt	El1ygzZ30A
El1ygzZ30A	Emu8ozbMAn
Emu8ozbMAn	EmY38W690b
EmY38W690b	EnKW8mBFSc
EnKW8mBFSc	EoyikOy2en
EoyikOy2en	EpCKI3h7yW
EpCKI3h7yW	Ep7nii25Cp
Ep7nii25Cp	EqElXhOH9M
EqElXhOH9M	Eq9imlNCIa
Eq9imlNCIa	ErFbAly5Dg
ErFbAly5Dg	Er8Q1r80AH
Er8Q1r80AH	EsDkolS8NV
EsDkolS8NV	Es6KAeB7GW
Es6KAeB7GW	EtDsFQW7Ql
EtDsFQW7Ql	Et8UuUMCOl
Et8UuUMCOl	EuCexQp4jJ
EuCexQp4jJ	Eu4yPoFAi2
Eu4yPoFAi2	EvAD7B74kv
EvAD7B74kv	Ev3Tpar42A
Ev3Tpar42A	EwxBynDG9P
EwxBynDG9P	Ew13AKh3S9
Ew13AKh3S9	ExyGZ6FG8k
ExyGZ6FG8k	Ex09Z4543S
Ex09Z4543S	EyvGfNWB3c
EyvGfNWB3c	EyY2FGr37S
EyY2FGr37S	Eztical7r0
Eztical7r0	EzXcXwWF9X
EzXcXwWF9X	EAqWXtPFjv
EAqWXtPFjv	EATBYCy3tX
EATBYCy3tX	EBovVUg5zm
EBovVUg5zm	EBSY3y1434
EBSY3y1434	EDb4hFMDHF
EDb4hFMDHF	EDVaZ50Cfj
EDVaZ50Cfj	EEzLdSTBdr
EEzLdSTBdr	EE5BWD7Ahd
EE5BWD7Ahd	EFARFFa4cN
EFARFFa4cN	EF5LFn15Cp
EF5LFn15Cp	EGCdOfB36B
EGCdOfB36B	EG6316k7Uk
EG6316k7Uk	EHDMvvt2My
EHDMvvt2My	EH7NoR1FQq
EH7NoR1FQq	EIDV1Df9xb
EIDV1Df9xb	EI8vNT97TD
EI8vNT97TD	EJD7aft5Dg
EJD7aft5Dg	EJ8HvYi5SR
EJ8HvYi5SR	EKEAOlXGgh
EKEAOlXGgh	EK9rNjv2R7
EK9rNjv2R7	ELEYx7K5jt
ELEYx7K5jt	EMbhR9OCNn
EMbhR9OCNn	EMEACOS42E
EMEACOS42E	EM72q1q16L
EM72q1q16L	ENDkdaKBwj
ENDkdaKBwj	EN6OPma2Kc
EN6OPma2Kc	EODvRpS4rh
EODvRpS4rh	EO8Cm014DO
EO8Cm014DO	EPDIoGU5gq
EPDIoGU5gq	EP8ATDt37S
EP8ATDt37S	EQEHHxz06C
EQEHHxz06C	EQ81NDpGzG
EQ81NDpGzG	ERDrNqkE6H
ERDrNqkE6H	ER6RaTlEh4
ER6RaTlEh4	ESCupNCCOk
ESCupNCCOk	ES65HrQ8DP
ES65HrQ8DP	ETCkQBZ9Eo
ETCkQBZ9Eo	ET5u0zi59R
ET5u0zi59R	EUDTJMeBD4
EUDTJMeBD4	EU9WVRB5O4
EU9WVRB5O4	EWE6LvQEf6
EWE6LvQEf6	EXit0XBJkl
EXit0XBJkl	EXNthi6Gi9
EXNthi6Gi9	EYgzUav34A
EYgzUav34A	EYLYFFACxs
EYLYFFACxs	EZg9AiP37S
EZg9AiP37S	EZJ5v1b6t4
EZJ5v1b6t4	E0e5IssCDO
E0e5IssCDO	E0KC2CN5Cn
E0KC2CN5Cn	E1cVxi64p0
E1cVxi64p0	E1HCUivAOM
E1HCUivAOM	E2bYyKY5O4
E2bYyKY5O4	E2HgVGMGrU
E2HgVGMGrU	E3acmEP2SP
E3acmEP2SP	E3GzcAjDAH
E3GzcAjDAH	E4bKRU154S
E4bKRU154S	E4GeHkv42A
E4GeHkv42A	E49Fju537S
E49Fju537S	E5C6qg7ClV
E5C6qg7ClV	E55i6th5oq
E55i6th5oq	E6A4hQh3K2
E6A4hQh3K2	E647kag69A
E647kag69A	E7ymSwN5Df
E7ymSwN5Df	E73H5nd40S
E73H5nd40S	E8yfADV5DQ
E8yfADV5DQ	E82Uxz98NV
E82Uxz98NV	E9xk5NdFvr
E9xk5NdFvr	E90SMR00MB
E90SMR00MB	FauMcJgBG3
FauMcJgBG3	FaX8ud15Du
FaX8ud15Du	FbsZ0ra16W
FbsZ0ra16W	FbXk42L43S
FbXk42L43S	FcrcyxH1Nr
FcrcyxH1Nr	FcUJAax7Du
FcUJAax7Du	FdojQYb44S
FdojQYb44S	FdTPA5YCn9
FdTPA5YCn9	FenynVi03p
FenynVi03p	FeO9Vf38jr
FeO9Vf38jr	FfkxDlg3Xv
FfkxDlg3Xv	FfNRbAm5Dg
FfNRbAm5Dg	FgiLCuH2Ke
FgiLCuH2Ke	FgNe9My8mF
FgNe9My8mF	FhheY4RGYe
FhheY4RGYe	FhPBmni2dT
FhPBmni2dT	FjkI7O537S
FjkI7O537S	FjNpwV8E13
FjNpwV8E13	FkrVj1b2kl
FkrVj1b2kl	FkXbXvm6cR
FkXbXvm6cR	FlsD6IT9GX
FlsD6IT9GX	FlYAH1l30A
FlYAH1l30A	FmtCkKB23W
FmtCkKB23W	FmXPg2t2Cp
FmXPg2t2Cp	FnsdeKiC7S
FnsdeKiC7S	FnT36GH41S
FnT36GH41S	FopsG4qCHt
FopsG4qCHt	FoTW6892P4
FoTW6892P4	FpobY2NNMY
FpobY2NNMY	FpSql8r30A
FpSql8r30A	FqmmGYe11S
FqmmGYe11S	FqOMWaWAcg
FqOMWaWAcg	FrltE3O10S
FrltE3O10S	FrPQgOH5Ps
FrPQgOH5Ps	Fsix9kn30A
Fsix9kn30A	FsPBIn330A
FsPBIn330A	FtlYcT69oN
FtlYcT69oN	FtSJ0I187C
FtSJ0I187C	Fumu5giEuJ
Fumu5giEuJ	FuRIkFsCVp
FuRIkFsCVp	FvmHvYm9yH
FvmHvYm9yH	FvQ5H0A8kM
FvQ5H0A8kM	FwlaBGDBm4
FwlaBGDBm4	FwQX11MA17
FwQX11MA17	FxlPdkfJeQ
FxlPdkfJeQ	FxRpyjWAi2
FxRpyjWAi2	FyohFCw8iJ
FyohFCw8iJ	FyTKLi10Ut
FyTKLi10Ut	Fzoat1d36B
Fzoat1d36B	FzS5SsrBDP
FzS5SsrBDP	FAol38z36B
FAol38z36B	FARkEUg6uL
FARkEUg6uL	FBkMVHz7mr
FBkMVHz7mr	FBN3IMJCSk
FBN3IMJCSk	FCj3YSc4p3
FCj3YSc4p3	FCNYB2WAzf
FCNYB2WAzf	FDhrAL5EcW
FDhrAL5EcW	FDMEeqbF4m
FDMEeqbF4m	FEf9ftg92i
FEf9ftg92i	FEKi3218ZL
FEKi3218ZL	FFdodCV5ET
FFdodCV5ET	FFIMMyn37S
FFIMMyn37S	FGa9t3J30A
FGa9t3J30A	FGE39ub40S
FGE39ub40S	FG9OR9t52F
FG9OR9t52F	FHFHOnU48S
FHFHOnU48S	FH9LYx737S
FH9LYx737S	FIEHSTJ2qC
FIEHSTJ2qC	FI8Z8l26SD
FI8Z8l26SD	FJCEG5x37S
FJCEG5x37S	FJ7O0UG6ed
FJ7O0UG6ed	FKAcziSCjY
FKAcziSCjY	FK3pqRo2SQ
FK3pqRo2SQ	FLwDed05Dg
FLwDed05Dg	FL0qKN0191
FL0qKN0191	FMtr1VJ36B
FMtr1VJ36B	FMXC2JF30A
FMXC2JF30A	FNsctlZEh4
FNsctlZEh4	FNVJNaP5xB
FNVJNaP5xB	FOp1XCF6YF
FOp1XCF6YF	FOTDbqD37S
FOTDbqD37S	FQcafbD5DD
FQcafbD5DD	FQVIcvR40S
FQVIcvR40S	FRBm1Bh7X6
FRBm1Bh7X6	FR50Qkb33A
FR50Qkb33A	FSzLVy11Kr
FSzLVy11Kr	FS3Sf96BQj
FS3Sf96BQj	FTBIaEk10S
FTBIaEk10S	FT5Jl7YC96
FT5Jl7YC96	FUz7Vcb5O4
FUz7Vcb5O4	FU4rM1q3ZA
FU4rM1q3ZA	FVBEBTF34A
FVBEBTF34A	FV5vCeYDCs
FV5vCeYDCs	FWAKiWxG7K
FWAKiWxG7K	FW5aDkP43S
FW5aDkP43S	FXAoLI136B
FXAoLI136B	FX4DSQk199
FX4DSQk199	FYBn9Zj9xL
FYBn9Zj9xL	FY5EKNfE6H
FY5EKNfE6H	FZz5Awf9GW
FZz5Awf9GW	FZ3mGP4199
FZ3mGP4199	F0zJhFgCnH
F0zJhFgCnH	F03wcub6Au
F03wcub6Au	F1xTpwl8dA
F1xTpwl8dA	F12NlNC2Rr
F12NlNC2Rr	F2v5Asz2kE
F2v5Asz2kE	F20bUZO1nH
F20bUZO1nH	F3u5G1zIfw
F3u5G1zIfw	F30n3hK199
F30n3hK199	F4uSFcSC96
F4uSFcSC96	F4ZHJY0C9N
F4ZHJY0C9N	F5uJrEX43S
F5uJrEX43S	F50o2zC9GX
F50o2zC9GX	F61FySS3hy
F61FySS3hy	F7zZsrV8Kw
F7zZsrV8Kw	F8DzRHl34A
F8DzRHl34A	F86NQlrCAX
F86NQlrCAX	F9B8gFPMCY
F9B8gFPMCY	F96aNbq6xC
F96aNbq6xC	GaycE4c83S
GaycE4c83S	Ga3qYO1DOz
Ga3qYO1DOz	GbyFAZP5Ds
GbyFAZP5Ds	Gb4dyrp30A
Gb4dyrp30A	GdmXburAkL
GdmXburAkL	GegEt5Y3dA
GegEt5Y3dA	GeMN3BIC3r
GeMN3BIC3r	GfghtpF7GE
GfghtpF7GE	GfJS0LT5DT
GfJS0LT5DT	GggsPUA199
GggsPUA199	GgMfYbD7D3
GgMfYbD7D3	GhfsQdQB3q
GhfsQdQB3q	GhKLI3d37S
GhKLI3d37S	GidWquI10S
GidWquI10S	GiJeWlI5ET
GiJeWlI5ET	GjcVrmf4ot
GjcVrmf4ot	GjIMEI16lq
GjIMEI16lq	GkdDUhy2k5
GkdDUhy2k5	GkIq0VV37S
GkIq0VV37S	Glc2Nu537S
Glc2Nu537S	GlHEWPL5dE
GlHEWPL5dE	Gmcjn2i3sQ
Gmcjn2i3sQ	GmIblFD5Tt
GmIblFD5Tt	GncK7uM4l6
GncK7uM4l6	GnHrjUb8kK
GnHrjUb8kK	GocZTvN43S
GocZTvN43S	GoHAakxDeC
GoHAakxDeC	GpbUMbN3oV
GpbUMbN3oV	GpHf4Wr2LR
GpHf4Wr2LR	GqdHKF734A
GqdHKF734A	GqFHCDlALE
GqFHCDlALE	Grb2asiBJo
Grb2asiBJo	GrHkpN9Bss
GrHkpN9Bss	GseEf638ZL
GseEf638ZL	GsIx7RuAS2
GsIx7RuAS2	Gte6swT0kW
Gte6swT0kW	GtKaaEtCDD
GtKaaEtCDD	GugCB8534A
GugCB8534A	GuLYPFa2OJ
GuLYPFa2OJ	Gwi8Faj30A
Gwi8Faj30A	GwLvHzU1Gz
GwLvHzU1Gz	Gxpbf8e9pc
Gxpbf8e9pc	GxTmiNuC7A
GxTmiNuC7A	GynqfvBFA1
GynqfvBFA1	GyP1xd19Eo
GyP1xd19Eo	GzjyCWX2I2
GzjyCWX2I2	GzOvq200YQ
GzOvq200YQ	GAiwrvM9q0
GAiwrvM9q0	GANwfxUDNc
GANwfxUDNc	GBgZsMM9Z3
GBgZsMM9Z3	GBLb9Qj4l6
GBLb9Qj4l6	GCdtUJQ9E1
GCdtUJQ9E1	GCHEeZd33A
GCHEeZd33A	GDc8RA936B
GDc8RA936B	GDGEu6kDxO
GDGEu6kDxO	GEa4Ain30A
GEa4Ain30A	GEFqnnl37S
GEFqnnl37S	GE6CpQA0Nv
GE6CpQA0Nv	GFzNkcz194
GFzNkcz194	GF2uRpY9qX
GF2uRpY9qX	GGt4CWjEUC
GGt4CWjEUC	GGZwEW9197
GGZwEW9197	GHsfeuv37S
GHsfeuv37S	GHVOG4c2Nd
GHVOG4c2Nd	GIqL9zV43S
GIqL9zV43S	GIW95SF1kS
GIW95SF1kS	GJQGwqa8S9
GJQGwqa8S9	GKwVguE5DQ
GKwVguE5DQ	GLAAAlkCKo
GLAAAlkCKo	GL34jDfIVF
GL34jDfIVF	GMAz8gT43S
GMAz8gT43S	GM2ydHd37S
GM2ydHd37S	GNxMvxO5dP
GNxMvxO5dP	GN1R04QB4I
GN1R04QB4I	GOvHnls5Sa
GOvHnls5Sa	GOYn7JXDge
GOYn7JXDge	GPvPFpi5VY
GPvPFpi5VY	GPXFVpL16S
GPXFVpL16S	GQr5Urh44S
GQr5Urh44S	GQXjAWSBG3
GQXjAWSBG3	GRqtUJd4tA
GRqtUJd4tA	GRWCJSE3sQ
GRWCJSE3sQ	GSqTgWhFlb
GSqTgWhFlb	GSV9Oek6Au
GSV9Oek6Au	GTpXIIs3dQ
GTpXIIs3dQ	GTVPiPV9Zp
GTVPiPV9Zp	GUqmjRkGTj
GUqmjRkGTj	GUVDua13sf
GUVDua13sf	GVohhSE74E
GVohhSE74E	GVSZHDm5x7
GVSZHDm5x7	GWmJxXF4gP
GWmJxXF4gP	GWRbzey5xB
GWRbzey5xB	GXjMKwJ2Ld
GXjMKwJ2Ld	GXOJSLM8Ow
GXOJSLM8Ow	GYi4M31Es4
GYi4M31Es4	GYLyBnpHUx
GYLyBnpHUx	GZgIQxD8bA
GZgIQxD8bA	GZKRUG79x1
GZKRUG79x1	G0d4PZu7mr
G0d4PZu7mr	G00mE2j54S
G00mE2j54S	G2oqwTs7YY
G2oqwTs7YY	G2RoEoj36B
G2RoEoj36B	G3lotlkCtl
G3lotlkCtl	G3P7cv80L9
G3P7cv80L9	G4ipKxfBDj
G4ipKxfBDj	G4OecKt8kd
G4OecKt8kd	G5inR5d01S
G5inR5d01S	G5K1yOA2cz
G5K1yOA2cz	G6e2uzJ5xu
G6e2uzJ5xu	G6JbSqP7Qg
G6JbSqP7Qg	G7ab2o537S
G7ab2o537S	G7EPu1NGew
G7EPu1NGew	G776iQNK5M
G776iQNK5M	G8DSoi136B
G8DSoi136B	G87of7h37S
G87of7h37S	G9ADmdN36B
G9ADmdN36B	G93OcUw5UB
G93OcUw5UB	Hayp3xiEeG
Hayp3xiEeG	Ha3o5j810S
Ha3o5j810S	HbwNyCC5Ps
HbwNyCC5Ps	Hb13Pd5LUR
Hb13Pd5LUR	HcymClF30A
HcymClF30A	Hc0RKIR1WY
Hc0RKIR1WY	HdwAFZ47Vl
HdwAFZ47Vl	Hd1zzOZEgm
Hd1zzOZEgm	HewMltm3Qu
HewMltm3Qu	He2zeok2Mh
He2zeok2Mh	HfxNz5aB7S
HfxNz5aB7S	Hf3ib3mCKo
Hf3ib3mCKo	HgxUXsM6v3
HgxUXsM6v3	Hg2ESDZCPy
Hg2ESDZCPy	HhyZiwiJ5y
HhyZiwiJ5y	Hh3WC4l4Zl
Hh3WC4l4Zl	HixuZoPDNc
HixuZoPDNc	Hi2qFn733A
Hi2qFn733A	Hjy3apl36B
Hjy3apl36B	Hj5HJys4Zu
Hj5HJys4Zu	HkAk5dk26h
HkAk5dk26h	Hk5RXG541S
Hk5RXG541S	HlAdtqlBDI
HlAdtqlBDI	Hl5L8cBBhy
Hl5L8cBBhy	HmCHkDG5O4
HmCHkDG5O4	Hm8GBOmH4Y
Hm8GBOmH4Y	HnDJtg9Cmo
HnDJtg9Cmo	Hn9MdFZ30A
Hn9MdFZ30A	HoFwxQC02u
HoFwxQC02u	HpBu4AS5Dj
HpBu4AS5Dj	HqrUH0GEah
HqrUH0GEah	Hrj8MrADOz
Hrj8MrADOz	HrOR08f54S
HrOR08f54S	Hshs17l6Ec
Hshs17l6Ec	HsMNdJ330A
HsMNdJ330A	HthFv3h37S
HthFv3h37S	HtLeFRi2hd
HtLeFRi2hd	Hudwwhn4nn
Hudwwhn4nn	HuIjha501S
HuIjha501S	HvbZE7a7l9
HvbZE7a7l9	HvHOEW2FGG
HvHOEW2FGG	Hwc37zt36B
Hwc37zt36B	HwIRkA5Jr9
HwIRkA5Jr9	HxcTtkFAsx
HxcTtkFAsx	HxHzgVq8SW
HxHzgVq8SW	Hycxokk199
Hycxokk199	HyFdYEDKE8
HyFdYEDKE8	HzbcNoh16W
HzbcNoh16W	HzEulax2xe
HzEulax2xe	Hz7caC937S
Hz7caC937S	HAzLYNZAPH
HAzLYNZAPH	HA5Qf9OEtq
HA5Qf9OEtq	HBw65fJA06
HBw65fJA06	HB2k0Fq2OJ
HB2k0Fq2OJ	HCw42D494v
HCw42D494v	HC1YkObHtf
HC1YkObHtf	HDNANDV34A
HDNANDV34A	HFbFoIBCOk
HFbFoIBCOk	HFGobb736B
HFGobb736B	HGamMnqB8T
HGamMnqB8T	HGFq5Nu06Q
HGFq5Nu06Q	HG9qvtB3es
HG9qvtB3es	HHCYEDx6sv
HHCYEDx6sv	HH7TH1yBb9
HH7TH1yBb9	HIElsLL7T6
HIElsLL7T6	HI94TdE5dP
HI94TdE5dP	HJCvVTG2Ke
HJCvVTG2Ke	HJ8gjZa3hy
HJ8gjZa3hy	HKBZh9l34A
HKBZh9l34A	HK4M8OX43S
HK4M8OX43S	HLCevxP50Q
HLCevxP50Q	HL7ZxpZ36B
HL7ZxpZ36B	HMAnjjl5Ch
HMAnjjl5Ch	HM4MvYv7T6
HM4MvYv7T6	HNAPg6MB67
HNAPg6MB67	HN4oMKY2TE
HN4oMKY2TE	HOzSvYR9mp
HOzSvYR9mp	HO5DSK2FE8
HO5DSK2FE8	HPzbyF707S
HPzbyF707S	HP2mRgF4kx
HP2mRgF4kx	HQwvW0933A
HQwvW0933A	HQ28MsQBha
HQ28MsQBha	HRvZIeS9sf
HRvZIeS9sf	HR00EHk7Xu
HR00EHk7Xu	HSt85gn30A
HSt85gn30A	HSZ5Fgq8Op
HSZ5Fgq8Op	HTtybi1H3U
HTtybi1H3U	HTYPx2ECzc
HTYPx2ECzc	HUsi1r75cM
HUsi1r75cM	HUV8RWGGzA
HUV8RWGGzA	HVo8Pqn7cr
HVo8Pqn7cr	HVT3DLFIfU
HVT3DLFIfU	HWOhMqOAu7
HWOhMqOAu7	HXsh2DPFXb
HXsh2DPFXb	HYynmtS5gq
HYynmtS5gq	HY2cme48QD
HY2cme48QD	HZxxwmX30A
HZxxwmX30A	HZ3cKTzFUU
HZ3cKTzFUU	H0z8Z06199
H0z8Z06199	H027X39Ifw
H027X39Ifw	H1v5uvh37S
H1v5uvh37S	H1ZliSH2en
H1ZliSH2en	H2tr0Er36B
H2tr0Er36B	H2WGSMT2vk
H2WGSMT2vk	H3qbFPX4l6
H3qbFPX4l6	H3UWcOv43S
H3UWcOv43S	H4n3BMg3RV
H4n3BMg3RV	H4RUe5QD1N
H4RUe5QD1N	H5jBsZ57wW
H5jBsZ57wW	H5OFV1FE6M
H5OFV1FE6M	H6jyGqQ6Cx
H6jyGqQ6Cx	H6LuoV743S
H6LuoV743S	H7gglb41Eh
H7gglb41Eh	H7Ji1kH2Pz
H7Ji1kH2Pz	H8ctCLq3Fi
H8ctCLq3Fi	H8FwJqV6wz
H8FwJqV6wz	H88W2hv9Zp
H88W2hv9Zp	H9DX6tO92i
H9DX6tO92i	H98DRNh30A
H98DRNh30A	IaD5ovn6Cf
IaD5ovn6Cf	Ia9fy4x95b
Ia9fy4x95b	IbCLj326ob
IbCLj326ob	Ib8vR9sBVn
Ib8vR9sBVn	IcElOn33Xv
IcElOn33Xv	IdauhVJ43S
IdauhVJ43S	IdEfvYB2U6
IdEfvYB2U6	IeaTdWm9MA
IeaTdWm9MA	IeEH91d4iv
IeEH91d4iv	IfaVNUhC96
IfaVNUhC96	IfFZrYc6t4
IfFZrYc6t4	Igb5mTt2Fi
Igb5mTt2Fi	IgHv13R30A
IgHv13R30A	IhcvwiP36B
IhcvwiP36B	IhGTXF55dP
IhGTXF55dP	IidtODd5Aj
IidtODd5Aj	IiG2EcB9mp
IiG2EcB9mp	IjCH3Tv3K2
IjCH3Tv3K2	Ikjc4CE5Cm
Ikjc4CE5Cm	IloJguGCOB
IloJguGCOB	IlSEbSL36B
IlSEbSL36B	ImoFrxR36B
ImoFrxR36B	ImS7JTH5Do
ImS7JTH5Do	InmO9NG5iN
InmO9NG5iN	InPQxcZ16S
InPQxcZ16S	IolxxCu3sQ
IolxxCu3sQ	IoQkKNG10S
IoQkKNG10S	Ipkpr4j43S
Ipkpr4j43S	IpQcz7i196
IpQcz7i196	IqgLc3dKM2
IqgLc3dKM2	IqLKJYg0m9
IqLKJYg0m9	Ire0eMD41S
Ire0eMD41S	IrIekKZ9lj
IrIekKZ9lj	IsdmwFlDy6
IsdmwFlDy6	IsEIEHC9so
IsEIEHC9so	Is9VOuiCG1
Is9VOuiCG1	ItCo3Mu6xC
ItCo3Mu6xC	It5vGvh21F
It5vGvh21F	IuBFExi3q8
IuBFExi3q8	Iu7nK2q5ez
Iu7nK2q5ez	IvAnc9r7g2
IvAnc9r7g2	Iv6osDu5O4
Iv6osDu5O4	IwBs8CP37S
IwBs8CP37S	Iw6S16h5De
Iw6S16h5De	IxA1tmoAh5
IxA1tmoAh5	Ix6qSwD6nO
Ix6qSwD6nO	Iyy6GyC5Ch
Iyy6GyC5Ch	Iy350Hyz19
Iy350Hyz19	IzzSKgM16J
IzzSKgM16J	Iz43KKq3tX
Iz43KKq3tX	IAzx4PC199
IAzx4PC199	IA0Eym72II
IA0Eym72II	IBuZMMj34A
IBuZMMj34A	IBZG2AT30A
IBZG2AT30A	ICsGYGT5Jb
ICsGYGT5Jb	ICVIlHlAHZ
ICVIlHlAHZ	IDoUFGu3aN
IDoUFGu3aN	IDTSPg2199
IDTSPg2199	IEo4kOhIfU
IEo4kOhIfU	IESRhw25nw
IESRhw25nw	IFmZrGoEnF
IFmZrGoEnF	IFQ4QKFCnH
IFQ4QKFCnH	IGjWtkL5mp
IGjWtkL5mp	IGOpDJi192
IGOpDJi192	IHjyU2l7PC
IHjyU2l7PC	IHL2QUUDw8
IHL2QUUDw8	IIfuOrV5xB
IIfuOrV5xB	IIKbkxF9du
IIKbkxF9du	IJdlmy44nn
IJdlmy44nn	IJGb0IVBQD
IJGb0IVBQD	IKbgZK1ASS
IKbgZK1ASS	IKDsTeZ3aN
IKDsTeZ3aN	IK6UzSs5xB
IK6UzSs5xB	ILzRSs96bb
ILzRSs96bb	IL4sMF4B3n
IL4sMF4B3n	IMym8He5Ch
IMym8He5Ch	IM18uGH33A
IM18uGH33A	INvgOo534A
INvgOo534A	INZsvI4668
INZsvI4668	IOsmfcl2JJ
IOsmfcl2JJ	IOWezoJ2hA
IOWezoJ2hA	IPpJ9cH37S
IPpJ9cH37S	IPUMgfx30A
IPUMgfx30A	IQGmc8c8kF
IQGmc8c8kF	IRvrCg72AW
IRvrCg72AW	ISAJUj69us
ISAJUj69us	IS5DFgI3aN
IS5DFgI3aN	ITBactF5Je
ITBactF5Je	IT56Fbl5DI
IT56Fbl5DI	IUzV3iL36B
IUzV3iL36B	IU5X8cJ3J0
IU5X8cJ3J0	IVz5dZ337S
IVz5dZ337S	IV5g6yn5xu
IV5g6yn5xu	IWAgnimGYe
IWAgnimGYe	IW52mG53ZB
IW52mG53ZB	IXA1TWz7PC
IXA1TWz7PC	IX656JO196
IX656JO196	IYDGZYI4bO
IYDGZYI4bO	IZaSx4BIOX
IZaSx4BIOX	IZGIxnPDsE
IZGIxnPDsE	I0bFp9G73o
I0bFp9G73o	I0F88Gt5UG
I0F88Gt5UG	I1cHEf34qv
I1cHEf34qv	I1Hnxhh6qq
I1Hnxhh6qq	I2bYCe104F
I2bYCe104F	I2FQ6rQ8YZ
I2FQ6rQ8YZ	I3bl75V5vN
I3bl75V5vN	I3DMWyQ5rb
I3DMWyQ5rb	I38GpIP01S
I38GpIP01S	I4CsrAI3ET
I4CsrAI3ET	I46PxK537S
I46PxK537S	I5Ao0IO2ej
I5Ao0IO2ej	I57wbcQ5E3
I57wbcQ5E3	I6zFUvHH9M
I6zFUvHH9M	I6384ht44S
I6384ht44S	I7xV2nZ43S
I7xV2nZ43S	I73QdJm5Ck
I73QdJm5Ck	I9x8tyk192
I9x8tyk192	I9Z53nF37S
I9Z53nF37S	JaFoJpS5wP
JaFoJpS5wP	Ja90BA00P3
Ja90BA00P3	JbFybVU4bn
JbFybVU4bn	Jca1mtc9eg
Jca1mtc9eg	JcDLWVu6KJ
JcDLWVu6KJ	Jc7xNA23VZ
Jc7xNA23VZ	JdQT3eD34A
JdQT3eD34A	JfdMwwO5yN
JfdMwwO5yN	JfJBxri8I2
JfJBxri8I2	Jgc96VyCOB
Jgc96VyCOB	JgH5y8b4p3
JgH5y8b4p3	JhcZprcBr3
JhcZprcBr3	JhGzRdTLLm
JhGzRdTLLm	JiaPyiTBG3
JiaPyiTBG3	JiEsCFmGi9
JiEsCFmGi9	Ji9RodzFE8
Ji9RodzFE8	JjDx454199
JjDx454199	Jj95dod8kK
Jj95dod8kK	JkDn0TPBF1
JkDn0TPBF1	Jk7FxZ35E3
Jk7FxZ35E3	JlA0CZt36B
JlA0CZt36B	Jl56xQlBVn
Jl56xQlBVn	JmAwwC31mN
JmAwwC31mN	Jm4S3oR4pD
Jm4S3oR4pD	Jnx7rlK1pO
Jnx7rlK1pO	Jn29x8RIQP
Jn29x8RIQP	JoxZbJX1LU
JoxZbJX1LU	Jo2CCKS7TU
Jo2CCKS7TU	JpwGb9X8H8
JpwGb9X8H8	Jp1ZIaRMQk
Jp1ZIaRMQk	Jqwr5TF43S
Jqwr5TF43S	JqZXLF337S
JqZXLF337S	JrtTZgG046
JrtTZgG046	JrYWv1C8Sn
JrYWv1C8Sn	JsryKB8LHQ
JsryKB8LHQ	JsW7ZXQ63f
JsW7ZXQ63f	JtsTGFd07S
JtsTGFd07S	JtWaQoX4EX
JtWaQoX4EX	Jurn5FZ37S
Jurn5FZ37S	JuUi5jj8qa
JuUi5jj8qa	JvnPL91ClV
JvnPL91ClV	JvS3uPi5xF
JvS3uPi5xF	JwNBOh010S
JwNBOh010S	JxqqVzX3YS
JxqqVzX3YS	JyuMwtR70m
JyuMwtR70m	JyZ8bhv6eP
JyZ8bhv6eP	JzuHo2533A
JzuHo2533A	JzZFkixD3U
JzZFkixD3U	JAttIWc2KA
JAttIWc2KA	JAYbVZ0Bha
JAYbVZ0Bha	JBsrrdC12C
JBsrrdC12C	JBWj4MB5Dm
JBWj4MB5Dm	JCr49Fj4wm
JCr49Fj4wm	JCVTgxtK9K
JCVTgxtK9K	JDo5Ak77BY
JDo5Ak77BY	JDUUxYj2U6
JDUUxYj2U6	JEqphje5Le
JEqphje5Le	JEVpDep6t4
JEVpDep6t4	JFpen7R44S
JFpen7R44S	JFT91CKCtD
JFT91CKCtD	JGo0pVr70m
JGo0pVr70m	JGRWhUD7Vl
JGRWhUD7Vl	JHmCBCE199
JHmCBCE199	JHPnkP3Kor
JHPnkP3Kor	JIkMh4LDkr
JIkMh4LDkr	JIP8ZbH5ap
JIP8ZbH5ap	JJkLf4j15A
JJkLf4j15A	JJPSEs534A
JJPSEs534A	JKkPn5T7D7
JKkPn5T7D7	JKPwcWC2R7
JKPwcWC2R7	JMiwxhR30A
JMiwxhR30A	JMNAtpD6lq
JMNAtpD6lq	JNq3XzF36B
JNq3XzF36B	JNVstUdCOp
JNVstUdCOp	JOpPq5u5qH
JOpPq5u5qH	JOSvovXGzG
JOSvovXGzG	JPloQKY3Ej
JPloQKY3Ej	JPRMGhN3Or
JPRMGhN3Or	JQkFsJLIVF
JQkFsJLIVF	JQPWQj32en
JQPWQj32en	JRlv8yzADj
JRlv8yzADj	JRMIj6R5VY
JRMIj6R5VY	JShnxGj07S
JShnxGj07S	JSL3Kdh9GW
JSL3Kdh9GW	JTgDXpxGF7
JTgDXpxGF7	JTKbpMNIfw
JTKbpMNIfw	JUdWPVM3K2
JUdWPVM3K2	JUHApmr37S
JUHApmr37S	JVaHGN26ob
JVaHGN26ob	JVD1bLTJ8A
JVD1bLTJ8A	JV9Iw2dEO2
JV9Iw2dEO2	JWEs7pA6t4
JWEs7pA6t4	JW9Cum3CnH
JW9Cum3CnH	JXCFW4JGrU
JXCFW4JGrU	JX5VBDN43S
JX5VBDN43S	JYxAf3a6Ry
JYxAf3a6Ry	JY3aacL3hy
JY3aacL3hy	JZxLhgc8J7
JZxLhgc8J7	JZ1QuOI26z
JZ1QuOI26z	J0xax4n5Ch
J0xax4n5Ch	J016ojYJIV
J016ojYJIV	J1wxMJ82R3
J1wxMJ82R3	J1Z4IQW4aK
J1Z4IQW4aK	J3dy5YY12G
J3dy5YY12G	J3Z8F7c5Cp
J3Z8F7c5Cp	J4CTodREXp
J4CTodREXp	J46JjNTEin
J46JjNTEin	J5Dcuyw5Ov
J5Dcuyw5Ov	J57aal9FB1
J57aal9FB1	J6CbDAr2AW
J6CbDAr2AW	J67pB5e5qO
J67pB5e5qO	J7zsGsH2xc
J7zsGsH2xc	J75jhSqJxp
J75jhSqJxp	J8zTUgP9Ma
J8zTUgP9Ma	J83tE8CGcU
J83tE8CGcU	J9yr7Mv07S
J9yr7Mv07S	J94raF8LJg
J94raF8LJg	Kay3UBc1DY
Kay3UBc1DY	Ka5Eys92jX
Ka5Eys92jX	KbzLpjrIfU
KbzLpjrIfU	Kb5kCzh36B
Kb5kCzh36B	Kcxnfgi51N
Kcxnfgi51N	Kc4lxxZ36B
Kc4lxxZ36B	KdzNcluChk
KdzNcluChk	Kd3VKaHALG
Kd3VKaHALG	KewRjnNA6L
KewRjnNA6L	Ke0ozfJ92H
Ke0ozfJ92H	Kfv9PBxG9P
Kfv9PBxG9P	Kf0UXf49Zp
Kf0UXf49Zp	KguSiLz2vk
KguSiLz2vk	KgYvBo59Bz
KgYvBo59Bz	Khs8we907S
Khs8we907S	KhXycOf36B
KhXycOf36B	Kis1cfCA2T
Kis1cfCA2T	KiVVqwN94g
KiVVqwN94g	KjsPE9693K
KjsPE9693K	KjW0gMJ87W
KjW0gMJ87W	Kkq7ZIn43S
Kkq7ZIn43S	KkWUbEZ947
KkWUbEZ947	KlrQQYT44S
KlrQQYT44S	KlWcGPfB8T
KlWcGPfB8T	KmpJsnP3oW
KmpJsnP3oW	KmUEe1N9fm
KmUEe1N9fm	KnqmaXq2vu
KnqmaXq2vu	KnUdmsCB3r
KnUdmsCB3r	KooPKfG6d2
KooPKfG6d2	KoRPwSHBDj
KoRPwSHBDj	Kpmtf3R37S
Kpmtf3R37S	KpQQDS22LR
KpQQDS22LR	KqiW0bu7g2
KqiW0bu7g2	Kq2WWgL36B
Kq2WWgL36B	Ksr4l585Du
Ksr4l585Du	KsYsxmd5Dn
KsYsxmd5Dn	KttDDXK4Zj
KttDDXK4Zj	Kt0y4CuAYg
Kt0y4CuAYg	KuuG1ch3ft
KuuG1ch3ft	Ku0w2sL42A
Ku0w2sL42A	KvuN0mX2Pz
KvuN0mX2Pz	KvY3KTc5Je
KvY3KTc5Je	KwsqrCoDjv
KwsqrCoDjv	KwZpRVS193
KwZpRVS193	KxuWeuH44S
KxuWeuH44S	Kx0Ffda4F3
Kx0Ffda4F3	Kyu2oi7ALI
Kyu2oi7ALI	Ky2vU0M6l6
Ky2vU0M6l6	KzxeCgr41S
KzxeCgr41S	Kz19RaU6Au
Kz19RaU6Au	KAwfG8ZFce
KAwfG8ZFce	KA1IJvH8xK
KA1IJvH8xK	KBvdEDO9CR
KBvdEDO9CR	KBZZ02j01S
KBZZ02j01S	KCxtp8j44S
KCxtp8j44S	KC35jbl07S
KC35jbl07S	KDyHB2f9YH
KDyHB2f9YH	KD2uuv29d2
KD2uuv29d2	KExY8MD4rh
KExY8MD4rh	KE1OJlb21P
KE1OJlb21P	KGgtbGH9g0
KGgtbGH9g0	KHbvdp79j6
KHbvdp79j6	KHC5LVR6nn
KHC5LVR6nn	KH7ZJvND6v
KH7ZJvND6v	KIBxuKP78v
KIBxuKP78v	KI4uMij5VY
KI4uMij5VY	KJxVG3RBYj
KJxVG3RBYj	KJZ8LV1C95
KJZ8LV1C95	KKuby2T37S
KKuby2T37S	KKZI6ToHab
KKZI6ToHab	KLtqVFRAzi
KLtqVFRAzi	KLXCQ3vD55
KLXCQ3vD55	KMpTvWv3Qg
KMpTvWv3Qg	KMVKwf84co
KMVKwf84co	KNpQEe1Crp
KNpQEe1Crp	KNShzOL37S
KNShzOL37S	KOmyPab5Q0
KOmyPab5Q0	KORASZU9EO
KORASZU9EO	KPkam079so
KPkam079so	KPL5O47CL6
KPL5O47CL6	KQeXTNkGpI
KQeXTNkGpI	KQIxKfY42E
KQIxKfY42E	KRejQcG4aK
KRejQcG4aK	KRJjLyT33A
KRJjLyT33A	KSaJLnKGpH
KSaJLnKGpH	KSDOoTI8eE
KSDOoTI8eE	KS7Jo5ODR5
KS7Jo5ODR5	KTCchuv3YS
KTCchuv3YS	KT6QsuMCXj
KT6QsuMCXj	KUzsbMVBQf
KUzsbMVBQf	KU38Dvr0V1
KU38Dvr0V1	KVy5uiY0SL
KVy5uiY0SL	KV0i9AREw7
KV0i9AREw7	KWvxf4ND3U
KWvxf4ND3U	KW0pJJJ34A
KW0pJJJ34A	KXtGcX7AVR
KXtGcX7AVR	KXWsReP3n4
KXWsReP3n4	KZskCF03S9
KZskCF03S9	KZYanSt69A
KZYanSt69A	K0CBosT41S
K0CBosT41S	K07K8hKIfw
K07K8hKIfw	K1CIqZLJ5y
K1CIqZLJ5y	K18bjxl2Sj
K18bjxl2Sj	K2Bu3qI8In
K2Bu3qI8In	K26DW4q656
K26DW4q656	K3AevhYIUr
K3AevhYIUr	K35mn0w2jX
K35mn0w2jX	K4yEJYPI5J
K4yEJYPI5J	K438Z5uEh0
K438Z5uEh0	K5zVDOe70m
K5zVDOe70m	K55bXow2Sj
K55bXow2Sj	K6zN5vuA3n
K6zN5vuA3n	K63WuL55Fe
K63WuL55Fe	K7ATyq136B
K7ATyq136B	K77dL2w2Nl
K77dL2w2Nl	K8AtxVOBuJ
K8AtxVOBuJ	K84G8Qr197
K84G8Qr197	K9AodBj2UE
K9AodBj2UE	K94oBdp3oC
K94oBdp3oC	LaytUwM199
LaytUwM199	La3qORd01S
La3qORd01S	Lbx19OfA4i
Lbx19OfA4i	Lb213mCBXe
Lb213mCBXe	Lcwyu186fS
Lcwyu186fS	Lc10MUv7LI
Lc10MUv7LI	Lduk2ze5l0
Lduk2ze5l0	Ld0eDrz7Ql
Ld0eDrz7Ql	LevGkcsJ5y
LevGkcsJ5y	LeXlWCd5I9
LeXlWCd5I9	LfrAQ3h1tm
LfrAQ3h1tm	LfUQI3o8Rf
LfUQI3o8Rf	LgoRsx4Fns
LgoRsx4Fns	LgTTsuUGtx
LgTTsuUGtx	LhodmOQK1S
LhodmOQK1S	LhRduwdFQ6
LhRduwdFQ6	LimqqYs10S
LimqqYs10S	LiRoELt6uL
LiRoELt6uL	Ljm9x4b13F
Ljm9x4b13F	LjQHnvcGaQ
LjQHnvcGaQ	LkkKxmL07S
LkkKxmL07S	LkMQeFS45L
LkMQeFS45L	Lme8s0LETd
Lme8s0LETd	LmLgqMBIOX
LmLgqMBIOX	Lnp2mQM6eP
Lnp2mQM6eP	LnWtuL333A
LnWtuL333A	LosySYr30A
LosySYr30A	LoY9viA6t4
LoY9viA6t4	LpsE86AHYe
LpsE86AHYe	LpXECRd37S
LpXECRd37S	LqqvuHj7VE
LqqvuHj7VE	LqT9MiYEnL
LqT9MiYEnL	Lrp98305ij
Lrp98305ij	LrUAFzm196
LrUAFzm196	Lsp5CylH7l
Lsp5CylH7l	LsU0Uy34rh
LsU0Uy34rh	LtqbMN6C17
LtqbMN6C17	LtWcjZ330A
LtWcjZ330A	LuqRhw2199
LuqRhw2199	LuVAL4v8FY
LuVAL4v8FY	LvowQ2R5eq
LvowQ2R5eq	LvSZNHV30A
LvSZNHV30A	Lwon03KBV9
Lwon03KBV9	LwRp9PO193
LwRp9PO193	Lxna8th9wl
Lxna8th9wl	LxT7WteDNa
LxT7WteDNa	Lypg0yz5pX
Lypg0yz5pX	LyRJTCt7vm
LyRJTCt7vm	LzneCup7G8
LzneCup7G8	LzR8odT8zT
LzR8odT8zT	LAse9H05Hl
LAse9H05Hl	LBw8VJKBgV
LBw8VJKBgV	LB3dD5b7GH
LB3dD5b7GH	LCwZZu5Bha
LCwZZu5Bha	LC0j0rt5Cm
LC0j0rt5Cm	LDuDoat5Df
LDuDoat5Df	LDZDF332Kc
LDZDF332Kc	LEsNwYUDwH
LEsNwYUDwH	LEX7q9LBFX
LEX7q9LBFX	LFsugVw2qt
LFsugVw2qt	LFXbFek10S
LFXbFek10S	LGrYLq594v
LGrYLq594v	LGU1rta2k5
LGU1rta2k5	LHosG2cIfw
LHosG2cIfw	LHRw3kp4pH
LHRw3kp4pH	LIldK9n8Sn
LIldK9n8Sn	LIOghld0kC
LIOghld0kC	LJik0wb36B
LJik0wb36B	LJMtckT37S
LJMtckT37S	LKg2cy1Fns
LKg2cy1Fns	LKKTRBs4y1
LKKTRBs4y1	LLeWd6y5qH
LLeWd6y5qH	LLJTeOF7as
LLJTeOF7as	LMcxsxt54S
LMcxsxt54S	LMGcUdd15A
LMGcUdd15A	LNaqjNgCgr
LNaqjNgCgr	LNDd0Ub01S
LNDd0Ub01S	LN7dc4v33A
LN7dc4v33A	LOz6aOf7Lu
LOz6aOf7Lu	LO11v1587W
LO11v1587W	LPx0Pwj8Sn
LPx0Pwj8Sn	LP2sm8X37S
LP2sm8X37S	LQvIOvp43S
LQvIOvp43S	LQ0BfP736B
LQ0BfP736B	LRt80Dx45L
LRt80Dx45L	LRWPDsHK1v
LRWPDsHK1v	LTaQkqHHgJ
LTaQkqHHgJ	LTV2TlI8SW
LTV2TlI8SW	LUzoZwOJIV
LUzoZwOJIV	LU4TYCU7A4
LU4TYCU7A4	LVwXypbBWU
LVwXypbBWU	LV0hQ8154S
LV0hQ8154S	LWtt0lBAxd
LWtt0lBAxd	LWZDa7fALI
LWZDa7fALI	LXtWG2TCKo
LXtWG2TCKo	LXVPsLr3Sx
LXVPsLr3Sx	LYphBxN4tA
LYphBxN4tA	LYU5nrH1nH
LYU5nrH1nH	LZoBe0T2UE
LZoBe0T2UE	LZT85el2A2
LZT85el2A2	L0oSUl737S
L0oSUl737S	L0SRAsB1aS
L0SRAsB1aS	L1pPFdk6aI
L1pPFdk6aI	L1VFkP67D3
L1VFkP67D3	L2qhy2I2JJ
L2qhy2I2JJ	L2XiODsB3n
L2XiODsB3n	L3r799U98Q
L3r799U98Q	L3WyqEk199
L3WyqEk199	L4ra2A64az
L4ra2A64az	L4WnRmT30A
L4WnRmT30A	L5pasSH40S
L5pasSH40S	L5TPb4j37S
L5TPb4j37S	L6pbvOs2LR
L6pbvOs2LR	L6UcLahAtg
L6UcLahAtg	L7pGkVV4YM
L7pGkVV4YM	L7UctpR30A
L7UctpR30A	L8plPGlBBb
L8plPGlBBb	L8TrUAR9mp
L8TrUAR9mp	L9NjsQW6V9
L9NjsQW6V9	MalKnDd34A
MalKnDd34A	MaPJoZsCzG
MaPJoZsCzG	MbhrWSvDRV
MbhrWSvDRV	MbLljCH2vk
MbLljCH2vk	McgQ9mN5Ch
McgQ9mN5Ch	McLNcMXA23
McLNcMXA23	MddkBu610S
MddkBu610S	MdILpUy12K
MdILpUy12K	MecAaoe7TU
MecAaoe7TU	MeFzS5u2OJ
MeFzS5u2OJ	MfADpfXLro
MfADpfXLro	MgojbvA5Je
MgojbvA5Je	MhibUTpCGB
MhibUTpCGB	MhNxS5H9aX
MhNxS5H9aX	Mif5eYa2Fc
Mif5eYa2Fc	MiJBIDXAzZ
MiJBIDXAzZ	MjdqkrZ36B
MjdqkrZ36B	MjHgUokz19
MjHgUokz19	MkcpPUq2UE
MkcpPUq2UE	MkGxZC63HH
MkGxZC63HH	Mk9usCMAzW
Mk9usCMAzW	MlEvUg60P3
MlEvUg60P3	Ml660q87i3
Ml660q87i3	MmCBvZS3tX
MmCBvZS3tX	Mm7LUZl12C
Mm7LUZl12C	MnCfwuL8iJ
MnCfwuL8iJ	Mn5cv4MDMr
Mn5cv4MDMr	MoAXjFs8jr
MoAXjFs8jr	Mo6k5wH30A
Mo6k5wH30A	MpAipc2199
MpAipc2199	Mp5tHxW8H6
Mp5tHxW8H6	MqBlJab37S
MqBlJab37S	Mq456kK5Dj
Mq456kK5Dj	MrzrHfd54S
MrzrHfd54S	Mr3vedO7i3
Mr3vedO7i3	Msw0GNu7Lu
Msw0GNu7Lu	MsYHTdZ23F
MsYHTdZ23F	MttdDtBAnE
MttdDtBAnE	MtYxAcfBQB
MtYxAcfBQB	MutUodoFP6
MutUodoFP6	MuXLPflDVN
MuXLPflDVN	MvqY37ZJWi
MvqY37ZJWi	MvUik7P3oq
MvUik7P3oq	MwmocwQ8p7
MwmocwQ8p7	MwPV5A937S
MwPV5A937S	MxjVfyz4tA
MxjVfyz4tA	MxMYn0t0SL
MxMYn0t0SL	MzheE7g0Q6
MzheE7g0Q6	MzMtW5a199
MzMtW5a199	MAqZIyvJfy
MAqZIyvJfy	MAVVwY62lf
MAVVwY62lf	MBo8VvP2CH
MBo8VvP2CH	MBS4WDCKoJ
MBS4WDCKoJ	MCnhhOs4lH
MCnhhOs4lH	MCSj4CK4nn
MCSj4CK4nn	MDokQxb5vN
MDokQxb5vN	MDPAs61DN8
MDPAs61DN8	MEmcaU8Eiu
MEmcaU8Eiu	MEQsWkR9xL
MEQsWkR9xL	MFj8v1J9ip
MFj8v1J9ip	MFOfZ073Qu
MFOfZ073Qu	MGjIeTA8mC
MGjIeTA8mC	MGNxsER7PC
MGNxsER7PC	MHhjARGE2P
MHhjARGE2P	MHNP9wf40S
MHNP9wf40S	MIf56RdHtM
MIf56RdHtM	MIK74wB4cM
MIK74wB4cM	MJfWuWM2Ke
MJfWuWM2Ke	MJKCZSK3Qu
MJKCZSK3Qu	MKc3j5n2qk
MKc3j5n2qk	MKIwMiJ21P
MKIwMiJ21P	MLeOc0l8xK
MLeOc0l8xK	MLJgXoG6qq
MLJgXoG6qq	MMEjZRcHWq
MMEjZRcHWq	MM9NJAQ75J
MM9NJAQ75J	MOjQrCb04F
MOjQrCb04F	MOODChvCSw
MOODChvCSw	MPkn3ds63O
MPkn3ds63O	MPNWoBjCuS
MPNWoBjCuS	MQi6Vjl4nd
MQi6Vjl4nd	MQNhzwD8Yb
MQNhzwD8Yb	MRg1gX301S
MRg1gX301S	MRLLkBv0RH
MRLLkBv0RH	MSePyqY195
MSePyqY195	MSIZvxvIIL
MSIZvxvIIL	MTfAGCS5dP
MTfAGCS5dP	MTKnrGM199
MTKnrGM199	MUcTehcCtl
MUcTehcCtl	MUGvJXfDxK
MUGvJXfDxK	MVbY0EfBn5
MVbY0EfBn5	MVFPFxS2Ke
MVFPFxS2Ke	MV97gaIC3m
MV97gaIC3m	MWFGiFnICh
MWFGiFnICh	MW9cDQKC1a
MW9cDQKC1a	MXDTFiw5xu
MXDTFiw5xu	MX8Zc0792i
MX8Zc0792i	MYD0WS931F
MYD0WS931F	MY6TZju0Kb
MY6TZju0Kb	MZBFKe936B
MZBFKe936B	MZ5GGPmDV0
MZ5GGPmDV0	M0B8RT02jX
M0B8RT02jX	M07kk928Sn
M07kk928Sn	M1ClZsU7Ql
M1ClZsU7Ql	M18m00E94v
M18m00E94v	M2C0EPc7D7
M2C0EPc7D7	M264ecF6DU
M264ecF6DU	M3Q8UIE5lA
M3Q8UIE5lA	M5ivGsz3rQ
M5ivGsz3rQ	M5NaQWA2S9
M5NaQWA2S9	M6i6eQqF9R
M6i6eQqF9R	M6MvASQ2OJ
M6MvASQ2OJ	M7hU3CI83S
M7hU3CI83S	M7MmKEn9GN
M7MmKEn9GN	M8fkmfJ41S
M8fkmfJ41S	M8Ii78M192
M8Ii78M192	M9eRT836SD
M9eRT836SD	M9HS6FfBuJ
M9HS6FfBuJ	Naj6fOG4cD
Naj6fOG4cD	NbnQc9x34A
NbnQc9x34A	NbTMBrj6d7
NbTMBrj6d7	NclSBPO10S
NclSBPO10S	NcNbHWP2Nl
NcNbHWP2Nl	NdjqiAv2JO
NdjqiAv2JO	NdOxKV743S
NdOxKV743S	NehiaiU4ot
NehiaiU4ot	NeLMmob36B
NeLMmob36B	Nfe1hdr9wl
Nfe1hdr9wl	NfKwP40D6v
NfKwP40D6v	NgePlxg83S
NgePlxg83S	NgKq68w2UL
NgKq68w2UL	NhdA9eH4iv
NhdA9eH4iv	NhFYp9tJx4
NhFYp9tJx4	Nh9MfAUCVp
Nh9MfAUCVp	NiEqt8N16S
NiEqt8N16S	Ni8PvQv37S
Ni8PvQv37S	NjD2Q8jAS2
NjD2Q8jAS2	Nj79cMj07S
Nj79cMj07S	NkDW8lI7x1
NkDW8lI7x1	Nk6tOQQAzi
Nk6tOQQAzi	NlAoC9Z7Bn
NlAoC9Z7Bn	Nl38YfW2k5
Nl38YfW2k5	NmwQMZFJPT
NmwQMZFJPT	NmZRMnL2qR
NmZRMnL2qR	NnxP5mrKKK
NnxP5mrKKK	Nn0f1XA4rh
Nn0f1XA4rh	NoudQHJ30A
NoudQHJ30A	NoX7mDZ34A
NoX7mDZ34A	NpsfI6xIUP
NpsfI6xIUP	NpVu6Fc7i3
NpVu6Fc7i3	NqpMr7bEV2
NqpMr7bEV2	NqSDiL343S
NqSDiL343S	NrmT7CiBa4
NrmT7CiBa4	NrSIrkdIOZ
NrSIrkdIOZ	Ns5YRRh40S
Ns5YRRh40S	NtSeR2P37S
NtSeR2P37S	Nuw30blC1a
Nuw30blC1a	NuZxJGT30A
NuZxJGT30A	Nvuj2yaAfd
Nvuj2yaAfd	NvYej57Job
NvYej57Job	Nws5bCyIVF
Nws5bCyIVF	NwXG5wn30A
NwXG5wn30A	Nxp86jYGLk
Nxp86jYGLk	NxTY8PO8ZO
NxTY8PO8ZO	NyoD6Lx07S
NyoD6Lx07S	NyPkR2cEUC
NyPkR2cEUC	NzmashgDWM
NzmashgDWM	NzPLwMU5ar
NzPLwMU5ar	NAjySQu7zr
NAjySQu7zr	NAN7abhDSs
NAN7abhDSs	NBgLkQ534A
NBgLkQ534A	NBMo8Cq9Zp
NBMo8Cq9Zp	NCgq1LA9GF
NCgq1LA9GF	NCJ0CFW3nS
NCJ0CFW3nS	NDeSbbeGUs
NDeSbbeGUs	NDIMks82PY
NDIMks82PY	NEbEN0h8Kw
NEbEN0h8Kw	NEEVMTR3R3
NEEVMTR3R3	NE9hLaV5xu
NE9hLaV5xu	NFFmAnRBYK
NFFmAnRBYK	NGaOssu8CE
NGaOssu8CE	NGQVWMm9ck
NGQVWMm9ck	NIiQdp72LR
NIiQdp72LR	NIM3wunIE6
NIM3wunIE6	NJirm0wA6L
NJirm0wA6L	NJL1YwlALI
NJL1YwlALI	NKjLw0MA05
NKjLw0MA05	NKOaFhe1Kr
NKOaFhe1Kr	NLfWc0U7wl
NLfWc0U7wl	NLJykHR37S
NLJykHR37S	NMeFr2L2Nd
NMeFr2L2Nd	NMIPjcY4la
NMIPjcY4la	NNejoq941S
NNejoq941S	NNI1imZDDF
NNI1imZDDF	NOa5K9B01S
NOa5K9B01S	NOHt8oO7Lu
NOHt8oO7Lu	NPaWPXgCxs
NPaWPXgCxs	NPFiqgs3n0
NPFiqgs3n0	NP9TUmB9Ma
NP9TUmB9Ma	NQDyYxd6WU
NQDyYxd6WU	NQ7xGGh7zf
NQ7xGGh7zf	NRDGIID37S
NRDGIID37S	NR62Ll7I52
NR62Ll7I52	NSAKFBy10S
NSAKFBy10S	NS5BQ7WCOQ
NS5BQ7WCOQ	NTAQAgjIob
NTAQAgjIob	NT3o0RN30A
NT3o0RN30A	NUxSFxD1zr
NUxSFxD1zr	NU1BmSX34A
NU1BmSX34A	NVvuTDWEh0
NVvuTDWEh0	NVY5PD25DB
NVY5PD25DB	NWuemJFCMB
NWuemJFCMB	NWWoqxVBre
NWWoqxVBre	NXqqetl37S
NXqqetl37S	NXToYCU4wP
NXToYCU4wP	NYnO5Ef9sf
NYnO5Ef9sf	NYSIpKL5om
NYSIpKL5om	NZN6PMB4YD
NZN6PMB4YD	N0k5RMj4Zy
N0k5RMj4Zy	N0P3lUn6xC
N0P3lUn6xC	N1kCJnN37S
N1kCJnN37S	N1P8A1KDDC
N1P8A1KDDC	N2nm2DZ36B
N2nm2DZ36B	N2TbupF7Uk
N2TbupF7Uk	N3mjgePD6v
N3mjgePD6v	N3RTNzb1tm
N3RTNzb1tm	N4m8d3D5wz
N4m8d3D5wz	N4RKnkg2bX
N4RKnkg2bX	N5oDpNyKYJ
N5oDpNyKYJ	N5TIShj9z5
N5TIShj9z5	N6nGIhl8M9
N6nGIhl8M9	N6SrCCo5xB
N6SrCCo5xB	N7mYdCI9Eo
N7mYdCI9Eo	N7SiqccEah
N7SiqccEah	N8l6vzt49S
N8l6vzt49S	N8QueCv36B
N8QueCv36B	N9mu1ZBAF8
N9mu1ZBAF8	N9NOSVf06Q
N9NOSVf06Q	OajatUZ1rB
OajatUZ1rB	OaM2WTF5yN
OaM2WTF5yN	Obg3EPp2O2
Obg3EPp2O2	ObJKFXzAYg
ObJKFXzAYg	OcdkBb15Sm
OcdkBb15Sm	OcG6EXaDsV
OcG6EXaDsV	Oc9XrS35Oc
Oc9XrS35Oc	OdDgdPT0ZX
OdDgdPT0ZX	Od6EoEb30A
Od6EoEb30A	OeDqQNz5ES
OeDqQNz5ES	Oe7wSkl6zm
Oe7wSkl6zm	OfBFJ4536B
OfBFJ4536B	Of4wqDcGDf
Of4wqDcGDf	OgyUjo25Le
OgyUjo25Le	Og02t3Y5l0
Og02t3Y5l0	OhwNy3o8kF
OhwNy3o8kF	Oh0VRYH33A
Oh0VRYH33A	OitA13337S
OitA13337S	OiWR1767Jo
OiWR1767Jo	Ojq8UN494v
Ojq8UN494v	OjVj4E99XY
OjVj4E99XY	OkpAQ7tFYx
OkpAQ7tFYx	OkR2a8EHxM
OkR2a8EHxM	OllxSVu4k1
OllxSVu4k1	OlQNuZ05DN
OlQNuZ05DN	OmKcEGy4pD
OmKcEGy4pD	OnpgtzEEnF
OnpgtzEEnF	Oou63UD9CR
Oou63UD9CR	OoZNb6d9ip
OoZNb6d9ip	OptPzD045J
OptPzD045J	OpXcMQz07S
OpXcMQz07S	OqqQV8OLFU
OqqQV8OLFU	OqU1tgF6V9
OqU1tgF6V9	OrpnB0j54S
OrpnB0j54S	OrSBOskEZc
OrSBOskEZc	OsnjGkS0SL
OsnjGkS0SL	OsS502D1zm
OsS502D1zm	OtmKmg0EDF
OtmKmg0EDF	OtQ1taO42H
OtQ1taO42H	OukKnl12Ke
OukKnl12Ke	OuNrvBG2k5
OuNrvBG2k5	Ovk8qbU5E6
Ovk8qbU5E6	OvPRUM05Cp
OvPRUM05Cp	OwjBut72k5
OwjBut72k5	OwNej3BC1F
OwNej3BC1F	OxjC0t17wh
OxjC0t17wh	OxLWGPlDxO
OxLWGPlDxO	OyfLIiC6qx
OyfLIiC6qx	OyKacDIFCp
OyKacDIFCp	OzcbyzZ9Vh
OzcbyzZ9Vh	OzGjAHeBBp
OzGjAHeBBp	OAca7Q4GQv
OAca7Q4GQv	OAFpUBe196
OAFpUBe196	OA8DEDh30A
OA8DEDh30A	OCGPcry2Fe
OCGPcry2Fe	ODmf6965dP
ODmf6965dP	ODSAu2w5Dk
ODSAu2w5Dk	OEluz026lq
OEluz026lq	OEQO2Hf1O6
OEQO2Hf1O6	OFmOahJBgV
OFmOahJBgV	OFRvE4qB3n
OFRvE4qB3n	OGopGEv7OU
OGopGEv7OU	OGSQulp4bM
OGSQulp4bM	OHmUdBsFjK
OHmUdBsFjK	OHRuqJd30A
OHRuqJd30A	OIlE94MAwr
OIlE94MAwr	OIQFpqN0Qg
OIQFpqN0Qg	OJldTVP7PC
OJldTVP7PC	OJQKlCc4tA
OJQKlCc4tA	OKky2rG7OF
OKky2rG7OF	OKPxrcm94v
OKPxrcm94v	OLjSZMv4EE
OLjSZMv4EE	OLOQ7DO4cm
OLOQ7DO4cm	OMhszweCEA
OMhszweCEA	OMMGUiX04F
OMMGUiX04F	ONhYHkv30A
ONhYHkv30A	ONLuHIQDRq
ONLuHIQDRq	OOenJoB5Df
OOenJoB5Df	OOJof0T36B
OOJof0T36B	OPcyLyj4D7
OPcyLyj4D7	OPHNzXx4rh
OPHNzXx4rh	OQb6wAu2My
OQb6wAu2My	OQHGehG9YH
OQHGehG9YH	ORbvACx0AR
ORbvACx0AR	OREHkBHAOR
OREHkBHAOR	OR7mSxYCtl
OR7mSxYCtl	OSCPIyP34A
OSCPIyP34A	OS6YRk46p7
OS6YRk46p7	OTNjMB0EXp
OTNjMB0EXp	OVfAc1h43S
OVfAc1h43S	OVJHe8C0Qg
OVJHe8C0Qg	OWdrVLNKE8
OWdrVLNKE8	OWGZwEr8zC
OWGZwEr8zC	OXbJyK143S
OXbJyK143S	OXFLjZB37S
OXFLjZB37S	OX73Hf9Jy6
OX73Hf9Jy6	OYCOsJp8kH
OYCOsJp8kH	OY5mnXM42E
OY5mnXM42E	OZzuNtAC5r
OZzuNtAC5r	OZ2XingCMX
OZ2XingCMX	O0wRXTLBw8
O0wRXTLBw8	O01gGpD2vI
O01gGpD2vI	O1xnbBS5Dg
O1xnbBS5Dg	O10rn9t30A
O10rn9t30A	O2uSPqI83S
O2uSPqI83S	O20aboTCDD
O20aboTCDD	O3ttD3bC5M
O3ttD3bC5M	O3Yhrft30A
O3Yhrft30A	O4t9DhR37S
O4t9DhR37S	O4W5CWY8fE
O4W5CWY8fE	O5rIiEo7OF
O5rIiEo7OF	O5UqRYZA17
O5UqRYZA17	O6plrlvB67
O6plrlvB67	O6SUgRW5aZ
O6SUgRW5aZ	O7mUtl4LUU
O7mUtl4LUU	O7RBg9L5p7
O7RBg9L5p7	O8lGxja8iJ
O8lGxja8iJ	O8RquUj30A
O8RquUj30A	O9k292I4Zy
O9k292I4Zy	O9QfzoV4tA
O9QfzoV4tA	PakyirR36B
PakyirR36B	PaPyCBO0RH
PaPyCBO0RH	PbiGOTU5Ps
PbiGOTU5Ps	PbN1CsSAzZ
PbN1CsSAzZ	PcjrdXjG2z
PcjrdXjG2z	PcNAuvOAzW
PcNAuvOAzW	PdfUQbFGz4
PdfUQbFGz4	PdIC3DT94v
PdIC3DT94v	PebjmAE5Cu
PebjmAE5Cu	PeDY3cX54S
PeDY3cX54S	Pe6WcTZ44S
Pe6WcTZ44S	PfBBEVl36B
PfBBEVl36B	Pf68IK140S
Pf68IK140S	PgNYaUpCQc
PgNYaUpCQc	PigqYba199
PigqYba199	PiLbH9737S
PiLbH9737S	PjeBDh6D1N
PjeBDh6D1N	PjIg5G8GWk
PjIg5G8GWk	PkdCWI7Fj8
PkdCWI7Fj8	PkG1IyP30A
PkG1IyP30A	Pk95omO06Q
Pk95omO06Q	PlEAnVh01S
PlEAnVh01S	Pl7p4jw0mB
Pl7p4jw0mB	PmALXJG5Cw
PmALXJG5Cw	Pm2wRQW5xB
Pm2wRQW5xB	PnwUCI537S
PnwUCI537S	Pn0XY7Q3K2
Pn0XY7Q3K2	PouN0dd37S
PouN0dd37S	PoYCxNb5Ds
PoYCxNb5Ds	Ppt901R01S
Ppt901R01S	PpXrZVQCfj
PpXrZVQCfj	Pqqka5B37S
Pqqka5B37S	PqTNXT26m3
PqTNXT26m3	Prm0Dpr2ej
Prm0Dpr2ej	PrRIDEFAhd
PrRIDEFAhd	PskkqdtCwr
PskkqdtCwr	PsPRghP3nX
PsPRghP3nX	PtiQOB733A
PtiQOB733A	PtMo9ru4v8
PtMo9ru4v8	PufgqL7EuJ
PufgqL7EuJ	PuKhFb72rU
PuKhFb72rU	Pvd0HVH6m3
Pvd0HVH6m3	PvGtJqP3oP
PvGtJqP3oP	PwceJjJ6DT
PwceJjJ6DT	PwHL77tHqe
PwHL77tHqe	PxbPBBj4jf
PxbPBBj4jf	PxENs2FBng
PxENs2FBng	Px7IEMbA16
Px7IEMbA16	PyAqP5IG4t
PyAqP5IG4t	Py20eev4rh
Py20eev4rh	Pz0Ji6r43S
Pz0Ji6r43S	PAvEYeA5Sa
PAvEYeA5Sa	PA0MHeg6m3
PA0MHeg6m3	PBvz6un30A
PBvz6un30A	PBYMehBAXd
PBYMehBAXd	PCxmSOn37S
PCxmSOn37S	PC2h9eLJy6
PC2h9eLJy6	PDw0Hj4Djv
PDw0Hj4Djv	PD0ZEJ72qe
PD0ZEJ72qe	PEwMXII199
PEwMXII199	PE0nWev36B
PE0nWev36B	PFwqEFk7PC
PFwqEFk7PC	PF1leJs8tO
PF1leJs8tO	PGvLqlM7XZ
PGvLqlM7XZ	PG00tHd01S
PG00tHd01S	PHyJybxDSi
PHyJybxDSi	PH4aAjYCfj
PH4aAjYCfj	PIykoHj3sS
PIykoHj3sS	PI20tE65pX
PI20tE65pX	PJwwyFi6t4
PJwwyFi6t4	PJ0krHGJHy
PJ0krHGJHy	PKwExIqCtl
PKwExIqCtl	PK2rsos5db
PK2rsos5db	PLvoQM71ri
PLvoQM71ri	PL0CAbFGz4
PL0CAbFGz4	PMuZEooDeC
PMuZEooDeC	PM0fs1WG89
PM0fs1WG89	PNuCz3u5q5
PNuCz3u5q5	PN0sueX01S
PN0sueX01S	PPtKE136eS
PPtKE136eS	PQdtcP46bh
PQdtcP46bh	PQHVzMBA3u
PQHVzMBA3u	PRcxe1R37S
PRcxe1R37S	PRHvBGoC43
PRHvBGoC43	PSa2GPrFJl
PSa2GPrFJl	PSEbTMX34A
PSEbTMX34A	PS9rNUV7NP
PS9rNUV7NP	PTDSZYA3oq
PTDSZYA3oq	PT7Yj6v30A
PT7Yj6v30A	PUDe5DN36B
PUDe5DN36B	PU5MJCN2Ld
PU5MJCN2Ld	PVCenFS3rQ
PVCenFS3rQ	PV6T2Qr30A
PV6T2Qr30A	PWBh72o2MF
PWBh72o2MF	PW4YCS17iy
PW4YCS17iy	PXy5f0FFFL
PXy5f0FFFL	PX0Wnti10S
PX0Wnti10S	PYxvgiwC8S
PYxvgiwC8S	PYZFFA84rh
PYZFFA84rh	PZtrQt7AEx
PZtrQt7AEx	PZYIus29Eo
PZYIus29Eo	P0tqL8N6nO
P0tqL8N6nO	P0WEXXK6u7
P0WEXXK6u7	P1pyEW9Iw6
P1pyEW9Iw6	P1RZrrE3dA
P1RZrrE3dA	P2mAb0V5DE
P2mAb0V5DE	P2Ro30r37S
P2Ro30r37S	P3jXFEQ5wg
P3jXFEQ5wg	P3N4L7r046
P3N4L7r046	P4j4e1S6f4
P4j4e1S6f4	P4QycUKHz7
P4QycUKHz7	P53rjMn36B
P53rjMn36B	P6zuAqM2PZ
P6zuAqM2PZ	P7zDgzu6V9
P7zDgzu6V9	P73YwKa4DO
P73YwKa4DO	P8zcrVnCDO
P8zcrVnCDO	P84b8j55ap
P84b8j55ap	P9zHzjm1qL
P9zHzjm1qL	P93Oknx07S
P93Oknx07S	Qaztbe65xu
Qaztbe65xu	Qa4vHyT37S
Qa4vHyT37S	Qcyq1lc9Vh
Qcyq1lc9Vh	QdfOx8VG1E
QdfOx8VG1E	QdKPmR31A2
QdKPmR31A2	Qeeonbt43S
Qeeonbt43S	QeIItIUBG3
QeIItIUBG3	Qfa6TMtCQa
Qfa6TMtCQa	QfFruzaCOp
QfFruzaCOp	Qf8Dcl1Hbo
Qf8Dcl1Hbo	QgEuswfH4Y
QgEuswfH4Y	Qg9bHEI10S
Qg9bHEI10S	QhE0UWg199
QhE0UWg199	Qh80yaP2ex
Qh80yaP2ex	QiFa9Z1Eh4
QiFa9Z1Eh4	Qi9JjqU4p0
Qi9JjqU4p0	QjCGYqc7l9
QjCGYqc7l9	Qj6u53N0kC
Qj6u53N0kC	QkBaTNI3dA
QkBaTNI3dA	Qk3eWXwC8p
Qk3eWXwC8p	QlxXX2T4Zu
QlxXX2T4Zu	Ql2wVzzH5a
Ql2wVzzH5a	QmvvqHo2Kc
QmvvqHo2Kc	Qm0H8t76oE
Qm0H8t76oE	QnuZkSP30A
QnuZkSP30A	QnYZTxz63f
QnYZTxz63f	Qor8AKXKf5
Qor8AKXKf5	QoVLW5Z01S
QoVLW5Z01S	QprrHp8BFV
QprrHp8BFV	QpWbsqAFeg
QpWbsqAFeg	Qqo2Riz3RV
Qqo2Riz3RV	QqTuaS4Atu
QqTuaS4Atu	Qrn9PQ907S
Qrn9PQ907S	QrQTGQz44S
QrQTGQz44S	Qsmie1Z33A
Qsmie1Z33A	QsRhthAC9A
QsRhthAC9A	QtkYFRt94v
QtkYFRt94v	Qt2acg61aS
Qt2acg61aS	QvvR557Dw8
QvvR557Dw8	QvX1YQoA3u
QvX1YQoA3u	QwtLRGG6dY
QwtLRGG6dY	QwWs9Rc4kN
QwWs9Rc4kN	QxrW9mj36B
QxrW9mj36B	QxWwQdt30A
QxWwQdt30A	QyqgKsD5ET
QyqgKsD5ET	QyVnC7V6nO
QyVnC7V6nO	Qzo4zps6qq
Qzo4zps6qq	QzTCpkX30A
QzTCpkX30A	QAqaASI199
QAqaASI199	QAVrWp05QL
QAVrWp05QL	QBppY0a6V1
QBppY0a6V1	QBT9UDS3F9
QBT9UDS3F9	QCo2gNQ9j8
QCo2gNQ9j8	QCUMTut4nn
QCUMTut4nn	QDqE032CpS
QDqE032CpS	QDV8IpzI98
QDV8IpzI98	QErlMQe3Fa
QErlMQe3Fa	QEZh2Jd30A
QEZh2Jd30A	QFrYJHO0MM
QFrYJHO0MM	QFXTTTV0L9
QFXTTTV0L9	QGtUiNgGpA
QGtUiNgGpA	QGYWk4T6SD
QGYWk4T6SD	QHs13JC9k6
QHs13JC9k6	QHXAIOs7Y9
QHXAIOs7Y9	QJbpTGzCOp
QJbpTGzCOp	QJZdu9x37S
QJZdu9x37S	QKDtdua16M
QKDtdua16M	QK7KW4S8Hb
QK7KW4S8Hb	QLBl39N9sf
QLBl39N9sf	QL5aGTN7cr
QL5aGTN7cr	QMBxk4a5Ps
QMBxk4a5Ps	QM2YoWA5Ch
QM2YoWA5Ch	QNydbJF5De
QNydbJF5De	QN2zqJb3QH
QN2zqJb3QH	QOv9CYj33A
QOv9CYj33A	QO0c4jW7rJ
QO0c4jW7rJ	QPwiHhQ7D3
QPwiHhQ7D3	QPXWXIP3ss
QPXWXIP3ss	QQtSeCI5DL
QQtSeCI5DL	QQVyvkRJfK
QQVyvkRJfK	QRqllFgEc5
QRqllFgEc5	QRU5DQ92gp
QRU5DQ92gp	QSoi5Ix61E
QSoi5Ix61E	QSSHOaRDyB
QSSHOaRDyB	QTnjDNL6uL
QTnjDNL6uL	QTP3rsY10S
QTP3rsY10S	QUmjmHj3MB
QUmjmHj3MB	QUQKQcH3J0
QUQKQcH3J0	QVjDC906Kt
QVjDC906Kt	QVP4G0P0SL
QVP4G0P0SL	QWl0NyM5Tq
QWl0NyM5Tq	QWQMRdZGS3
QWQMRdZGS3	QXkvFVqAkL
QXkvFVqAkL	QXOIkcb37S
QXOIkcb37S	QYkFewK9q0
QYkFewK9q0	QYQfmni2k5
QYQfmni2k5	QZiLw9TC96
QZiLw9TC96	QZMtJYL8Fy
QZMtJYL8Fy	Q0pVz2w42v
Q0pVz2w42v	Q1ykyqqF15
Q1ykyqqF15	Q14WA2i6Q8
Q14WA2i6Q8	Q2zmp8aJp6
Q2zmp8aJp6	Q23qeWp4kv
Q23qeWp4kv	Q3zu1DJFB1
Q3zu1DJFB1	Q31CYnh36B
Q31CYnh36B	Q4ygsTJ36B
Q4ygsTJ36B	Q43c51F4ot
Q43c51F4ot	Q5xjduE10S
Q5xjduE10S	Q52efX57rJ
Q52efX57rJ	Q6xsbwJ72f
Q6xsbwJ72f	Q63wOiv54S
Q63wOiv54S	Q7yK6y225a
Q7yK6y225a	Q72MVn1AYx
Q72MVn1AYx	Q8x3Q3t6Au
Q8x3Q3t6Au	Q83hfxcEir
Q83hfxcEir	Q9xoVUZ5ap
Q9xoVUZ5ap	Q92SiKv33A
Q92SiKv33A	Raw5CxyEfU
Raw5CxyEfU	RaZD5cRClS
RaZD5cRClS	RbtCCfP6du
RbtCCfP6du	RbXLZkg5ug
RbXLZkg5ug	Rcq3QJt43S
Rcq3QJt43S	RcWf7puAYm
RcWf7puAYm	RdpZYSVBFX
RdpZYSVBFX	RdTfsXqHWq
RdTfsXqHWq	ReosPr4CVp
ReosPr4CVp	ReTquAf64q
ReTquAf64q	RflMe3j5uj
RflMe3j5uj	RfQLwKB5iN
RfQLwKB5iN	RgmgOWQBG3
RgmgOWQBG3	RgPc0Uz2kP
RgPc0Uz2kP	RhkI5RZH4s
RhkI5RZH4s	RhQfXg00Ja
RhQfXg00Ja	Rilq17XBs6
Rilq17XBs6	RiQW85oCtl
RiQW85oCtl	RjlBYbh36B
RjlBYbh36B	RjQSkeUBGv
RjQSkeUBGv	RkkCqfpD1N
RkkCqfpD1N	RkPjQFvC1F
RkPjQFvC1F	RlkKiVG6bm
RlkKiVG6bm	RlMFOLb64q
RlMFOLb64q	Rmibw0X15A
Rmibw0X15A	RmMC1q543S
RmMC1q543S	Rnh0W2cCzG
Rnh0W2cCzG	RnNyECT9k6
RnNyECT9k6	RpcBhQA0Z6
RpcBhQA0Z6	RpKsjeF2Sj
RpKsjeF2Sj	RqoIzJBD6U
RqoIzJBD6U	RqTbSTCDJA
RqTbSTCDJA	Rrm8ouuED6
Rrm8ouuED6	RrRQ919DwH
RrRQ919DwH	RsjCWIM6fi
RsjCWIM6fi	RsN3mp0DNc
RsN3mp0DNc	RtjvZKTBh6
RtjvZKTBh6	RtMTrg930A
RtMTrg930A	RueyYtf6nO
RueyYtf6nO	RuIKURmLNa
RuIKURmLNa	Rvcatdq3Qd
Rvcatdq3Qd	RvGCZ6hGBb
RvGCZ6hGBb	Rv94VrBHqe
Rv94VrBHqe	RwBGlOp94v
RwBGlOp94v	Rw5btzWD6v
Rw5btzWD6v	RxwCcwc8tp
RxwCcwc8tp	RxY7VuNA16
RxY7VuNA16	Ryr6Oq943S
Ryr6Oq943S	RyVSbEbFy4
RyVSbEbFy4	RzoLJ2F4rN
RzoLJ2F4rN	RzSUIPj6VF
RzSUIPj6VF	RAlvU5S6mW
RAlvU5S6mW	RAPEY556Ou
RAPEY556Ou	RBjbkNG10S
RBjbkNG10S	RBLRUo37u5
RBLRUo37u5	RCI9ZW79FG
RCI9ZW79FG	RDnsPhL83M
RDnsPhL83M	RErU2fB37S
RErU2fB37S	REWhF225eK
REWhF225eK	RFrsLAd2Rw
RFrsLAd2Rw	RFWcRoo9xb
RFWcRoo9xb	RGqsl5f3dA
RGqsl5f3dA	RGVcE6w7NP
RGVcE6w7NP	RHoJntZ43S
RHoJntZ43S	RHTpsmaIw6
RHTpsmaIw6	RIo5oD4AQn
RIo5oD4AQn	RIT7lyEDvz
RIT7lyEDvz	RJoXbM69fs
RJoXbM69fs	RJU9Asp2qR
RJU9Asp2qR	RKoTcoyA16
RKoTcoyA16	RKUrbMI6UO
RKUrbMI6UO	RLlVUWH37S
RLlVUWH37S	RLQAMyT7nz
RLQAMyT7nz	RMiGWF56D1
RMiGWF56D1	RMNEg3CH9M
RMNEg3CH9M	RNhncFhC8p
RNhncFhC8p	RNLwfgv7r0
RNLwfgv7r0	ROgIEM770q
ROgIEM770q	ROLKK6zJPJ
ROLKK6zJPJ	RPf3SOD8Gq
RPf3SOD8Gq	RPJThK5K2z
RPJThK5K2z	RQevcEn5Ds
RQevcEn5Ds	RQJKhJPBEM
RQJKhJPBEM	RRdwupqIIL
RRdwupqIIL	RRGZxoH34A
RRGZxoH34A	RSay9hq2Nl
RSay9hq2Nl	RSEZ1xF9E4
RSEZ1xF9E4	RTaIQHE2k5
RTaIQHE2k5	RTDb6pe193
RTDb6pe193	RT8mC4a2Ld
RT8mC4a2Ld	RUCJiy67wr
RUCJiy67wr	RU4SKNd5Sa
RU4SKNd5Sa	RWihnIe6cS
RWihnIe6cS	RXhWIiX37S
RXhWIiX37S	RXNIUtR2Un
RXNIUtR2Un	RYgqHyO6eP
RYgqHyO6eP	RYMfq8OBm4
RYMfq8OBm4	RZgePHY5TH
RZgePHY5TH	RZLIc6r30A
RZLIc6r30A	R0gvByb6cu
R0gvByb6cu	R0LQelV43S
R0LQelV43S	R1fKiwP5Dg
R1fKiwP5Dg	R1IyPH64YM
R1IyPH64YM	R2ePgdK2Kc
R2ePgdK2Kc	R2JjKWJC4Z
R2JjKWJC4Z	R3aJi6y9A4
R3aJi6y9A4	R3EUmMFBre
R3EUmMFBre	R37wTzd37S
R37wTzd37S	R4BoWMj37S
R4BoWMj37S	R46g5jN37S
R46g5jN37S	R5wEVAh4nn
R5wEVAh4nn	R51S7Sm8kF
R51S7Sm8kF	R6uwEdF2x1
R6uwEdF2x1	R6XdxRK2rU
R6XdxRK2rU	R7o3keVCPy
R7o3keVCPy	R7S9GFtEnF
R7S9GFtEnF	R8mBLqIBU5
R8mBLqIBU5	R8Pz3ar34A
R8Pz3ar34A	R9kwgCn1Kr
R9kwgCn1Kr	R9NzVRx8Sn
R9NzVRx8Sn	SaiDoeI5lA
SaiDoeI5lA	SaMN00v36B
SaMN00v36B	Sbie3QxMHw
Sbie3QxMHw	SbOCtChIfw
SbOCtChIfw	Sch6KHr63f
Sch6KHr63f	ScMwV4k8ZL
ScMwV4k8ZL	SdihJtx3M6
SdihJtx3M6	SdNsNby9wl
SdNsNby9wl	SehK7gI5Fa
SehK7gI5Fa	SeMegAyA6L
SeMegAyA6L	Sff7Pqj30A
Sff7Pqj30A	SfKJ7uk2uC
SfKJ7uk2uC	SgfDQTHChq
SgfDQTHChq	SgJ9hCq3tM
SgJ9hCq3tM	ShdPKWP7i3
ShdPKWP7i3	ShHlJai3dA
ShHlJai3dA	SiA101IB5d
SiA101IB5d	SjkoQt1Bdr
SjkoQt1Bdr	SkjHQlG16h
SkjHQlG16h	SkO2DQxEfk
SkO2DQxEfk	SlhigLp3oC
SlhigLp3oC	SlLq865Cd6
SlLq865Cd6	SmdOp81C7S
SmdOp81C7S	SmIaOzy6KJ
SmIaOzy6KJ	Sneh3op3Lr
Sneh3op3Lr	SnGFsTY5xu
SnGFsTY5xu	SoaqAWS3F8
SoaqAWS3F8	SoEUi8N9yH
SoEUi8N9yH	So8ANXfGLi
So8ANXfGLi	SpBByUy7U4
SpBByUy7U4	Sp55lr743S
Sp55lr743S	SqyTXhkGLi
SqyTXhkGLi	Sq37PIf37S
Sq37PIf37S	Srw5OPcEyI
Srw5OPcEyI	Sr1q26O5X3
Sr1q26O5X3	SsuhAWH30A
SsuhAWH30A	SsW8NbX5DQ
SsW8NbX5DQ	StrofC4ALI
StrofC4ALI	StVrmsk8p7
StVrmsk8p7	Suo6vIn43S
Suo6vIn43S	SuUjfHf4tA
SuUjfHf4tA	SvpeJQ1C17
SvpeJQ1C17	SvRSTHjBm3
SvRSTHjBm3	SwlGSBN37S
SwlGSBN37S	SwP3mpXMsf
SwP3mpXMsf	SxjPxiq7u5
SxjPxiq7u5	SxNEUgW6uL
SxNEUgW6uL	SyhqQYzGLi
SyhqQYzGLi	SyKHUiPDYR
SyKHUiPDYR	SzfnTVB6Cf
SzfnTVB6Cf	SzH2uft5gq
SzH2uft5gq	SAbc7MNAzZ
SAbc7MNAzZ	SAEy6VOJXe
SAEy6VOJXe	SA9KMQD01S
SA9KMQD01S	SBEJL8r36B
SBEJL8r36B	SB8Zfe66fi
SB8Zfe66fi	SCDpivu5DQ
SCDpivu5DQ	SC7fCtyB5j
SC7fCtyB5j	SDzS8SwCuS
SDzS8SwCuS	SD51KhACrd
SD51KhACrd	SEzsThiBS0
SEzsThiBS0	SE2tMxN37S
SE2tMxN37S	SFyvHnvGmy
SFyvHnvGmy	SF2zhMA4qv
SF2zhMA4qv	SGvOO0t9Bm
SGvOO0t9Bm	SG0eor307S
SG0eor307S	SHrZSK25VY
SHrZSK25VY	SHYaF5J0om
SHYaF5J0om	SItAHHZB3c
SItAHHZB3c	SIZ1464Dga
SIZ1464Dga	SJtMGFj6eV
SJtMGFj6eV	SJZidHv83S
SJZidHv83S	SKrW9xl2I9
SKrW9xl2I9	SKVJ2tw63O
SKVJ2tw63O	SLrAKNV56F
SLrAKNV56F	SLVXzwb63f
SLVXzwb63f	SMpEi2u5Fe
SMpEi2u5Fe	SMULjXt12F
SMULjXt12F	SNpPCVl4zC
SNpPCVl4zC	SNRbScT0Z6
SNRbScT0Z6	SOmDwKMGtS
SOmDwKMGtS	SORDPeI94v
SORDPeI94v	SPNeaqyEh4
SPNeaqyEh4	SQrJLNE2Un
SQrJLNE2Un	SRwK6yY6Zm
SRwK6yY6Zm	SRZhgcD30A
SRZhgcD30A	SStwuMD4eK
SStwuMD4eK	SS0IxIwKsY
SS0IxIwKsY	STvDJyL6cS
STvDJyL6cS	ST1vZoH41S
ST1vZoH41S	SUwrIzR37S
SUwrIzR37S	SU1wERV15A
SU1wERV15A	SVwAC7NBp1
SVwAC7NBp1	SV0oxSb6cS
SV0oxSb6cS	SWvkE4J8Hb
SWvkE4J8Hb	SWX5Lk210S
SWX5Lk210S	SXtwMVC2qC
SXtwMVC2qC	SXY0zd1CL6
SXY0zd1CL6	SYtEJkxEin
SYtEJkxEin	SYYBGF794v
SYYBGF794v	SZtz70T36B
SZtz70T36B	SZY7nL55xC
SZY7nL55xC	S0rK5Zj0V1
S0rK5Zj0V1	S0WEy7l30A
S0WEy7l30A	S1oNY2Q3c0
S1oNY2Q3c0	S1TOjNk1AN
S1TOjNk1AN	S2o0X4CCQc
S2o0X4CCQc	S2SJ6QL38A
S2SJ6QL38A	S3mxrRy3Xt
S3mxrRy3Xt	S3QuFe69YA
S3QuFe69YA	S4iwiwt16W
S4iwiwt16W	S4MUpNX9OX
S4MUpNX9OX	S5hyrYeAj3
S5hyrYeAj3	S5H9xQ134A
S5H9xQ134A	S6c8Kyg192
S6c8Kyg192	S6SDvaqAzf
S6SDvaqAzf	S8lI7j59mI
S8lI7j59mI	S8RvUjWB7S
S8RvUjWB7S	S9lASlM7D3
S9lASlM7D3	S9OCxlZDjK
S9OCxlZDjK	TajH8YEFhR
TajH8YEFhR	TaNyMeF2KC
TaNyMeF2KC	TbktUCv01S
TbktUCv01S	TbPsLpq199
TbPsLpq199	TcKKKOc6V1
TcKKKOc6V1	Tdn9pYs1Nv
Tdn9pYs1Nv	TertzIv37S
TertzIv37S	TeVQjkkAe7
TeVQjkkAe7	TfpRAz07PC
TfpRAz07PC	TfTsnQXAFo
TfTsnQXAFo	Tgl8i4A196
Tgl8i4A196	TgRFFOiCrd
TgRFFOiCrd	Thi9PRYAdk
Thi9PRYAdk	ThOWZMY5E3
ThOWZMY5E3	Tig4GOH33A
Tig4GOH33A	TiKlDRf4d5
TiKlDRf4d5	Tjgn4hz4D7
Tjgn4hz4D7	TjLBYDb8iJ
TjLBYDb8iJ	TkfYJCj37S
TkfYJCj37S	TkKSr6w7FZ
TkKSr6w7FZ	TlgHrGr41S
TlgHrGr41S	TlJXRUp6Au
TlJXRUp6Au	TmeA0WzFW0
TmeA0WzFW0	TmIXQyh2gR
TmIXQyh2gR	TndAj1n6oG
TndAj1n6oG	TnFxm9z5xu
TnFxm9z5xu	TobsZDI3pU
TobsZDI3pU	ToEuflz4ot
ToEuflz4ot	To8Q6ZV37S
To8Q6ZV37S	TpBM8p73oU
TpBM8p73oU	Tp6a05LGJ1
Tp6a05LGJ1	TqBvKcr15A
TqBvKcr15A	Tq5YmZh42E
Tq5YmZh42E	TrzQac1A05
TrzQac1A05	Tr4czmT54S
Tr4czmT54S	TsxICN52Ld
TsxICN52Ld	Ts1fkI72qR
Ts1fkI72qR	TtwmRMX30A
TtwmRMX30A	TtYW0KA10S
TtYW0KA10S	TutdyKZ4t5
TutdyKZ4t5	TuXnlC5Hc7
TuXnlC5Hc7	Tv5KTLA5D8
Tv5KTLA5D8	Twx6xjQ4bs
Twx6xjQ4bs	TxvcqHp30A
TxvcqHp30A	Tx0AvWwG2z
Tx0AvWwG2z	Tyww67H0ZX
Tyww67H0ZX	Ty1nMJu94v
Ty1nMJu94v	TzvL1mr36B
TzvL1mr36B	TzYYRYB16S
TzYYRYB16S	TAtpbOb01S
TAtpbOb01S	TAVfsSg5qH
TAVfsSg5qH	TBpLqXm73P
TBpLqXm73P	TBUfP2D6lq
TBUfP2D6lq	TCpEw4I6t4
TCpEw4I6t4	TCR7PS22vI
TCR7PS22vI	TDl9Eag77U
TDl9Eag77U	TDRNtWj30A
TDRNtWj30A	TEkT2zW1ZI
TEkT2zW1ZI	TEOMwD34zA
TEOMwD34zA	TFjEJUI5DD
TFjEJUI5DD	TFLODLf2hA
TFLODLf2hA	TGfwxMkEsF
TGfwxMkEsF	TGHJVoQDkP
TGHJVoQDkP	THcFxE943S
THcFxE943S	THGZwhHE4W
THGZwhHE4W	TIa7Vr810S
TIa7Vr810S	TIFvXRt8XT
TIFvXRt8XT	TI94lLgAIP
TI94lLgAIP	TJO2o5UALG
TJO2o5UALG	TLiWssW3n2
TLiWssW3n2	TLNU80dBw8
TLNU80dBw8	TMhXWeA6DS
TMhXWeA6DS	TML8qSz5Cm
TML8qSz5Cm	TNgrtg222P
TNgrtg222P	TNLnwDx94v
TNLnwDx94v	TOf2h435Du
TOf2h435Du	TOK0IJ6C17
TOK0IJ6C17	TPgunRL7i9
TPgunRL7i9	TPLxF2H01S
TPLxF2H01S	TQhcf9H7Jg
TQhcf9H7Jg	TQLH0u948F
TQLH0u948F	TRfGN4U4l6
TRfGN4U4l6	TRLxxXg3F8
TRLxxXg3F8	TSiDRG6C4r
TSiDRG6C4r	TSKR3PV36B
TSKR3PV36B	TTfLKZPBhs
TTfLKZPBhs	TTKa06n5DD
TTKa06n5DD	TUflAAx2DT
TUflAAx2DT	TULpWdv2ej
TULpWdv2ej	TVgzycpDNc
TVgzycpDNc	TVLUlOO5xF
TVLUlOO5xF	TWgwEGv36B
TWgwEGv36B	TWKEPvg6Cf
TWKEPvg6Cf	TXgVmK9Bg1
TXgVmK9Bg1	TXMoc7d38A
TXMoc7d38A	TYfo65Q5iN
TYfo65Q5iN	TYK1Q7Q8ZL
TYK1Q7Q8ZL	TZf6TiD5Du
TZf6TiD5Du	TZKsJm530A
TZKsJm530A	T0fKD8L3RK
T0fKD8L3RK	T0JDl2iEyI
T0JDl2iEyI	T12x2vk9R5
T12x2vk9R5	T2G7hrRAAR
T2G7hrRAAR	T3mRuIU5ra
T3mRuIU5ra	T3QFZS65Qf
T3QFZS65Qf	T4j8zfw2My
T4j8zfw2My	T4OAAsr37S
T4OAAsr37S	T5g8OSw65o
T5g8OSw65o	T5LzbJoCXF
T5LzbJoCXF	T6fBJxP4zC
T6fBJxP4zC	T6HgUmA196
T6HgUmA196	T7cqjJ5GiS
T7cqjJ5GiS	T7FXt5MBha
T7FXt5MBha	T78ixKcCtl
T78ixKcCtl	T8BR6sV3nz
T8BR6sV3nz	T86sOCk5Oc
T86sOCk5Oc	T9zXRjkCQd
T9zXRjkCQd	T947RJp30A
T947RJp30A	UAzdM56Eah
UAzdM56Eah	UA2ZzoA2Sj
UA2ZzoA2Sj	UBvtsR810S
UBvtsR810S	UBY4O3d37S
UBY4O3d37S	UCt9AbXCKo
UCt9AbXCKo	UCWpYUk5at
UCWpYUk5at	UDsEn7R36B
UDsEn7R36B	UDW9jwQB3q
UDW9jwQB3q	U0mhFSzC3i
U0mhFSzC3i	U0Rg8pHAi2
U0Rg8pHAi2	U1mTWML34A
U1mTWML34A	U1QUGjh43S
U1QUGjh43S	U2lGaft7x1
U2lGaft7x1	U2PMFvt30A
U2PMFvt30A	U3kcC1nJIV
U3kcC1nJIV	U3OkrxL6eL
U3OkrxL6eL	U4ioLiwBU5
U4ioLiwBU5	U4JEEUn046
U4JEEUn046	U5fn4Qj6Az
U5fn4Qj6Az	U5JjeTVBha
U5JjeTVBha	U6ejoFV30A
U6ejoFV30A	U6IThJc7Jo
U6IThJc7Jo	U7cT6954YD
U7cT6954YD	U7HnCT4199
U7HnCT4199	U8cw7Xt33A
U8cw7Xt33A	U8HaeUH7B4
U8HaeUH7B4	U9bcyWt93h
U9bcyWt93h	U9FXvkH36B
U9FXvkH36B	0aApzrI5Dg
0aApzrI5Dg	0bkS1GU5Do
0bkS1GU5Do	0clmAZI4pW
0clmAZI4pW	0cQrVuT43S
0cQrVuT43S	0dkDkPB8iJ
0dkDkPB8iJ	0dQvv6Q4tA
0dQvv6Q4tA	0enZZmz07S
0enZZmz07S	0eRNwMk3Qd
0eRNwMk3Qd	0fopSR68qb
0fopSR68qb	0fUMGXN2k5
0fUMGXN2k5	0griVU39oD
0griVU39oD	0gXg4zH9Ma
0gXg4zH9Ma	0hrgtzc5om
0hrgtzc5om	0hXICfsJx4
0hXICfsJx4	0irImgv9fL
0irImgv9fL	0iVcKS915A
0iVcKS915A	0jqeBSTHyn
0jqeBSTHyn	0jWSKhk5Ch
0jWSKhk5Ch	0kr44nGFk5
0kr44nGFk5	0k0JPUH37S
0k0JPUH37S	0lvjkl28XS
0lvjkl28XS	0l0RAKR3UM
0l0RAKR3UM	0mwUOgh9pc
0mwUOgh9pc	0m18hj6BT4
0m18hj6BT4	0nxZPpi5D4
0nxZPpi5D4	0n4nGZG199
0n4nGZG199	0ozNxF8947
0ozNxF8947	0o39ZTg9Bm
0o39ZTg9Bm	0pABpBA92i
0pABpBA92i	0p5xEXK2dT
0p5xEXK2dT	0qzVggr44S
0qzVggr44S	0q24LR52dT
0q24LR52dT	0rAAgOy6VO
0rAAgOy6VO	0r396jWAN6
0r396jWAN6	0sz9hOU26z
0sz9hOU26z	0s31uCn36B
0s31uCn36B	0uuz27H6lU
0uuz27H6lU	0ve5BGa2OJ
0ve5BGa2OJ	0vKnmT55Dl
0vKnmT55Dl	0wf65wqKW6
0wf65wqKW6	0wJWBkeCmo
0wJWBkeCmo	0xdb7MK99d
0xdb7MK99d	0xIGzTi5q5
0xIGzTi5q5	0ybXraD30A
0ybXraD30A	0yGUNtd8cR
0yGUNtd8cR	0zbwk7R9j6
0zbwk7R9j6	0zGx6BN37S
0zGx6BN37S	0AaPY2e5Ov
0AaPY2e5Ov	0AEYGVK8p7
0AEYGVK8p7	0BaKWm65qq
0BaKWm65qq	0BDZXdM3Un
0BDZXdM3Un	0B8RbAP2xc
0B8RbAP2xc	0CDDdr92JO
0CDDdr92JO	0C8I9eiJPJ
0C8I9eiJPJ	0DEUCaf5Tk
0DEUCaf5Tk	0D76XLsHXc
0D76XLsHXc	0ECFZcP34A
0ECFZcP34A	0E8jGzGB47
0E8jGzGB47	0FCUTGV7S9
0FCUTGV7S9	0F7I7U115A
0F7I7U115A	0GC4HUz51s
0GC4HUz51s	0G5stOL33A
0G5stOL33A	0H1vrgv30A
0H1vrgv30A	0JfXOBp5xB
0JfXOBp5xB	0JJQRnQ11S
0JJQRnQ11S	0KfQnQH3P5
0KfQnQH3P5	0KJUDUf34A
0KJUDUf34A	0Lghhw37Yx
0Lghhw37Yx	0LKxnWL38A
0LKxnWL38A	0MgfKUr42A
0MgfKUr42A	0ML2C2x2SP
0ML2C2x2SP	0Nhv49hLK3
0Nhv49hLK3	0NKeKjD2QH
0NKeKjD2QH	0OgMbOO9k6
0OgMbOO9k6	0OL6amP7PC
0OL6amP7PC	0Pf8BnuH9M
0Pf8BnuH9M	0PKPqgG8rX
0PKPqgG8rX	0QgQ2BV54S
0QgQ2BV54S	0QJ77ZZ5pX
0QJ77ZZ5pX	0RfD3lh01S
0RfD3lh01S	0RLJe65JPT
0RLJe65JPT	0Sf1FXcC8p
0Sf1FXcC8p	0SKcfD737S
0SKcfD737S	0TgI6vH9du
0TgI6vH9du	0TNdSIEALE
0TNdSIEALE	0Uhcjzg4kN
0Uhcjzg4kN	0UM4S6FBt6
0UM4S6FBt6	0VivOnE2Ld
0VivOnE2Ld	0VMYDVx37S
0VMYDVx37S	0WgrJbsDzS
0WgrJbsDzS	0WKMrnZ9fL
0WKMrnZ9fL	0XhXojvAzf
0XhXojvAzf	0XM1lA26Y7
0XM1lA26Y7	0YhiICmBZd
0YhiICmBZd	0YN0Q3I2Np
0YN0Q3I2Np	0Zh2tcH2Kx
0Zh2tcH2Kx	0ZKvOzd4tA
0ZKvOzd4tA	00f1D6p2Un
00f1D6p2Un	00LR93C4l6
00LR93C4l6	01fAGnjEou
01fAGnjEou	01LaaNzGnc
01LaaNzGnc	02hrVPN7nz
02hrVPN7nz	02MJcwzC5k
02MJcwzC5k	03hDS8aF99
03hDS8aF99	03M4aGH30A
03M4aGH30A	04iBaSX14Z
04iBaSX14Z	04K3nrfAzi
04K3nrfAzi	05gx9Xb72f
05gx9Xb72f	05LuW406YY
05LuW406YY	06f5TU202u
06f5TU202u	06JGmFU2Un
06JGmFU2Un	07f3Jpa199
07f3Jpa199	07KpbjeFIg
07KpbjeFIg	08fldiNKd9
08fldiNKd9	08K80gs4nd
08K80gs4nd	09g9ite5nw
09g9ite5nw	09NLePB30A
09NLePB30A	1ahOnnJ02u
1ahOnnJ02u	1aLKYE610S
1aLKYE610S	1biOjfZ2gd
1biOjfZ2gd	1bOXuQU3SY
1bOXuQU3SY	1cjjSbK2Mh
1cjjSbK2Mh	1cN24QmAmr
1cN24QmAmr	1djwufz5VY
1djwufz5VY	1dRB2NF5DB
1dRB2NF5DB	1emHueS2uR
1emHueS2uR	1eRrGvD5dP
1eRrGvD5dP	1fnbn2T7OF
1fnbn2T7OF	1fS2T0U5Dg
1fS2T0U5Dg	1gp0u5R15A
1gp0u5R15A	1gVvJvk7OF
1gVvJvk7OF	1hrssGtFRd
1hrssGtFRd	1hW5WXxFgm
1hW5WXxFgm	1irYb7T1X9
1irYb7T1X9	1iXhdp34rN
1iXhdp34rN	1js1VnQ7nz
1js1VnQ7nz	1j0bQ26192
1j0bQ26192	1kuenvH2S9
1kuenvH2S9	1kYanfl37S
1kYanfl37S	1lvPlIf6nO
1lvPlIf6nO	1lX50fh30A
1lX50fh30A	1msD4XR2rU
1msD4XR2rU	1mVS9CA5xB
1mVS9CA5xB	1n6GFft38A
1n6GFft38A	1ozHYF17D3
1ozHYF17D3	1pAPSPj22J
1pAPSPj22J	1p50HWm7GG
1p50HWm7GG	1qA0MRc7ZO
1qA0MRc7ZO	1q6GkbK199
1q6GkbK199	1rAhA9kE27
1rAhA9kE27	1r6lgPlFtl
1r6lgPlFtl	1sCGz6w3ED
1sCGz6w3ED	1s8doFl36B
1s8doFl36B	1tDIZ5GH9M
1tDIZ5GH9M	1t7uVBsEw7
1t7uVBsEw7	1uBnk1333A
1uBnk1333A	1u30Phd7D3
1u30Phd7D3	1vzuEX29qX
1vzuEX29qX	1v3x1SY3Un
1v3x1SY3Un	1wwOuqA5p7
1wwOuqA5p7	1w0VTSY97y
1w0VTSY97y	1xxel1ZHd0
1xxel1ZHd0	1xZYqEpBFX
1xZYqEpBFX	1yt2IXA2Mq
1yt2IXA2Mq	1yZfUcQEsF
1yZfUcQEsF	1zrMo9h34A
1zrMo9h34A	1zVu8QrKoo
1zVu8QrKoo	1AqELgH37S
1AqELgH37S	1AVBoKnChq
1AVBoKnChq	1BANk3qEc5
1BANk3qEc5	1B5FyFZGYz
1B5FyFZGYz	1DBnXTJ0Yj
1DBnXTJ0Yj	1D72Jfd36B
1D72Jfd36B	1EEppn1CQa
1EEppn1CQa	1E6KSFG69A
1E6KSFG69A	1FBcgeu4az
1FBcgeu4az	1F6WkOP41S
1F6WkOP41S	1GCfzqU3nk
1GCfzqU3nk	1G5ZUA885b
1G5ZUA885b	1HBH44H34A
1HBH44H34A	1H8sdmr28F
1H8sdmr28F	1IAOFUB92i
1IAOFUB92i	1I6BLSz30A
1I6BLSz30A	1JBzF6I6ob
1JBzF6I6ob	1J41PrI5ap
1J41PrI5ap	1KAhuxo4rh
1KAhuxo4rh	1K5anVz2jX
1K5anVz2jX	1Ly9ppZ34A
1Ly9ppZ34A	1L4MnxrBPZ
1L4MnxrBPZ	1MAUsxF36B
1MAUsxF36B	1M6pf2BJ0l
1M6pf2BJ0l	1Ny75E140S
1Ny75E140S	1N4gWhu7g2
1N4gWhu7g2	1Ozs5KX7OF
1Ozs5KX7OF	1O4373gCPy
1O4373gCPy	1PA737gAkK
1PA737gAkK	1P51wP337S
1P51wP337S	1QCWExkGio
1QCWExkGio	1Q636rwHhT
1Q636rwHhT	1RDK7DF37S
1RDK7DF37S	1R9qOsYABo
1R9qOsYABo	1SDgLO22PY
1SDgLO22PY	1S8uHyP2S9
1S8uHyP2S9	1TD4l1N07S
1TD4l1N07S	1T9Fxyr34A
1T9Fxyr34A	1U5Iblh37S
1U5Iblh37S	1Wklf0T0SR
1Wklf0T0SR	1WQd0z5H4s
1WQd0z5H4s	1XlA1B2Hc7
1XlA1B2Hc7	1XR4yyv37S
1XR4yyv37S	1Yoz5ju3K2
1Yoz5ju3K2	1YU7h0D40S
1YU7h0D40S	1Zrq1mj49S
1Zrq1mj49S	1ZXI9rO5yN
1ZXI9rO5yN	10twAM85xC
10twAM85xC	10ZVcUE5DT
10ZVcUE5DT	11wROLDD3U
11wROLDD3U	112pwJu0S6
112pwJu0S6	12uqbCA2OJ
12uqbCA2OJ	12ZSYMr30A
12ZSYMr30A	13tL3NaCDO
13tL3NaCDO	13YLMyh5dP
13YLMyh5dP	14vHqS143S
14vHqS143S	141s9bd36B
141s9bd36B	15vbBDC6nO
15vbBDC6nO	15ZDzni6V1
15ZDzni6V1	16vFB2mFns
16vFB2mFns	161DI49C5M
161DI49C5M	17v9AZTALG
17v9AZTALG	17ZpIwV42E
17ZpIwV42E	18wOLrN043
18wOLrN043	182ByMPAS2
182ByMPAS2	19u3VUP36B
19u3VUP36B	19ZGmvC0AB
19ZGmvC0AB	2at1uPB37S
2at1uPB37S	2aZweQM191
2aZweQM191	2btQNRA9so
2btQNRA9so	2bZVZ3A0ZX
2bZVZ3A0ZX	2cyk9sZBCk
2cyk9sZBCk	2c2CQQm7jD
2c2CQQm7jD	2dydAGwC7S
2dydAGwC7S	2d4iwKoH4s
2d4iwKoH4s	2eCVMBN54S
2eCVMBN54S	2e9drNf2II
2e9drNf2II	2fE719m2UE
2fE719m2UE	2f91Isc947
2f91Isc947	2gEqg180SR
2gEqg180SR	2hAoHKL40S
2hAoHKL40S	2h5L0hp2UB
2h5L0hp2UB	2jkHuLp01S
2jkHuLp01S	2jQgDb98Q3
2jQgDb98Q3	2kixwr2D4q
2kixwr2D4q	2kMY3ka2qT
2kMY3ka2qT	2lifTij43S
2lifTij43S	2lMSdyV6eP
2lMSdyV6eP	2mh1WyyG0z
2mh1WyyG0z	2mLLxgX43S
2mLLxgX43S	2ngeGtG199
2ngeGtG199	2nJRIl25Je
2nJRIl25Je	2ohP9jl37S
2ohP9jl37S	2oLojJTEDG
2oLojJTEDG	2pggnsbEPF
2pggnsbEPF	2pL7pUS1nH
2pL7pUS1nH	2qgeaMU5dB
2qgeaMU5dB	2qLY9nY9ED
2qLY9nY9ED	2rhwMgT30A
2rhwMgT30A	2rNfrV412K
2rNfrV412K	2shRfHD6D1
2shRfHD6D1	2sMVEGX42A
2sMVEGX42A	2tkeOBN34A
2tkeOBN34A	2tO5iqa2OU
2tO5iqa2OU	2uibOWj8Op
2uibOWj8Op	2uPb9oz8iJ
2uPb9oz8iJ	2vkH0JF07S
2vkH0JF07S	2vPARp29dT
2vPARp29dT	2wjUcJJ9yb
2wjUcJJ9yb	2wPvwUrDJA
2wPvwUrDJA	2xjNzsY199
2xjNzsY199	2xNF4ka9a5
2xNF4ka9a5	2yk6FMbALH
2yk6FMbALH	2yQsJCz2PS
2yQsJCz2PS	2zjSExWBm2
2zjSExWBm2	2zPurej41S
2zPurej41S	2AiTZBbCPy
2AiTZBbCPy	2ANl6ry2qC
2ANl6ry2qC	2Bi2GHp2dT
2Bi2GHp2dT	2BNu5IiF0q
2BNu5IiF0q	2Chd4r42Jf
2Chd4r42Jf	2CLHeKbALI
2CLHeKbALI	2DfXkHq2LR
2DfXkHq2LR	2DKHls9E0v
2DKHls9E0v	2EgsJIB6Cv
2EgsJIB6Cv	2EKPqgp2gm
2EKPqgp2gm	2Ffgp7343S
2Ffgp7343S	2FKIqol6nO
2FKIqol6nO	2GcKJWO2N2
2GcKJWO2N2	2GIDxLn9GW
2GIDxLn9GW	2HdOfe4D1I
2HdOfe4D1I	2HJGPOT36B
2HJGPOT36B	2Id29F39k6
2Id29F39k6	2IIHsJfJVg
2IIHsJfJVg	2JdPVTbCh7
2JdPVTbCh7	2JIS1T6JVK
2JIS1T6JVK	2KbIfnd6dG
2KbIfnd6dG	2KGN8Sn01S
2KGN8Sn01S	2LaJSIS9aX
2LaJSIS9aX	2LFvCbv7NP
2LFvCbv7NP	2L97SJV3R3
2L97SJV3R3	2MFTWGv3QT
2MFTWGv3QT	2M9pJxUBjD
2M9pJxUBjD	2NEqCxDB3r
2NEqCxDB3r	2N7TRv8D0M
2N7TRv8D0M	2OMcWLZCOq
2OMcWLZCOq	2QfQAsh5xu
2QfQAsh5xu	2QLtjr010S
2QLtjr010S	2RhfM2515A
2RhfM2515A	2RPmcq115A
2RPmcq115A	2Slc76I5pk
2Slc76I5pk	2SSfO2QCuq
2SSfO2QCuq	2TmypNF7D7
2TmypNF7D7	2TTOBgQ5Le
2TTOBgQ5Le	2Urj6dx6Au
2Urj6dx6Au	2UWSN0c3KU
2UWSN0c3KU	2VuRj64DCt
2VuRj64DCt	2V1vFTy2rU
2V1vFTy2rU	2Wvldg25Du
2Wvldg25Du	2W1DXul2OJ
2W1DXul2OJ	2XxI3ef4nn
2XxI3ef4nn	2X16LBb0LP
2X16LBb0LP	2Yyrs0v9GX
2Yyrs0v9GX	2Y2grR6Jx4
2Y2grR6Jx4	2Zzcteb6oE
2Zzcteb6oE	2Z3krJJ37S
2Z3krJJ37S	20zs42x4co
20zs42x4co	204GgAD37S
204GgAD37S	21AKywH7g9
21AKywH7g9	213lucr34A
213lucr34A	22zNxH32UL
22zNxH32UL	223Pg4g9hu
223Pg4g9hu	23Ags0S26z
23Ags0S26z	2333EbD7rJ
2333EbD7rJ	24ALoRdCqG
24ALoRdCqG	246czLlA6L
246czLlA6L	25zCfh812K
25zCfh812K	253tQyX9mp
253tQyX9mp	27rNVNh5qH
27rNVNh5qH	28dI6zr2Un
28dI6zr2Un	28IwYTEC42
28IwYTEC42	29fZnmb43S
29fZnmb43S	29H4QRV54S
29H4QRV54S	3acLFXt0Ut
3acLFXt0Ut	3aIYYhZ9Yk
3aIYYhZ9Yk	3bfRvFA9KZ
3bfRvFA9KZ	3bU6KLrBQB
3bU6KLrBQB	3dq1hJGGzA
3dq1hJGGzA	3dVsnQv4D7
3dVsnQv4D7	3esAbCWBha
3esAbCWBha	3eWYeP99gO
3eWYeP99gO	3fqdQURCPy
3fqdQURCPy	3fUVM6F2xc
3fUVM6F2xc	3gqSNTW0NI
3gqSNTW0NI	3gWfGb3B3q
3gWfGb3B3q	3hq7mc62qX
3hq7mc62qX	3hV4HWpAIv
3hV4HWpAIv	3ittBkP34A
3ittBkP34A	3iXCUfUHbX
3iXCUfUHbX	3juuwJ68SW
3juuwJ68SW	3jZxwT1046
3jZxwT1046	3kuFTKO8ZL
3kuFTKO8ZL	3kZFwBO4AP
3kZFwBO4AP	3lvJ99v5il
3lvJ99v5il	3l0Z1dZ07S
3l0Z1dZ07S	3mwqtJr5Cn
3mwqtJr5Cn	3m08EBA7CO
3m08EBA7CO	3nwwmg530A
3nwwmg530A	3n0KmVV01S
3n0KmVV01S	3ovD0Nd06C
3ovD0Nd06C	3o0ydsV9x3
3o0ydsV9x3	3pxwACN9Z3
3pxwACN9Z3	3p0ZGK65UG
3p0ZGK65UG	3qxrclV37S
3qxrclV37S	3q2HS4X44S
3q2HS4X44S	3rwdHEn49S
3rwdHEn49S	3r2fTjT45L
3r2fTjT45L	3syhLiAA9K
3syhLiAA9K	3s3y54536B
3s3y54536B	3tyq8Ha0OB
3tyq8Ha0OB	3t4jHxR30A
3t4jHxR30A	3uYfBqA8J7
3uYfBqA8J7	3whozv56HI
3whozv56HI	3wNdreh8iJ
3wNdreh8iJ	3xhdFDpERT
3xhdFDpERT	3xMxDU459Y
3xMxDU459Y	3ygzFPV36B
3ygzFPV36B	3yLLPXP5Dm
3yLLPXP5Dm	3zhD4Wf44S
3zhD4Wf44S	3zMdtoa3n8
3zMdtoa3n8	3AfZCkL2bO
3AfZCkL2bO	3AJcacfEfU
3AJcacfEfU	3BeudJNCOk
3BeudJNCOk	3BJsQLJJob
3BJsQLJJob	3CewpZr8Jz
3CewpZr8Jz	3CJXbxU0Q0
3CJXbxU0Q0	3De93Gi0AH
3De93Gi0AH	3DKpJx307S
3DKpJx307S	3EdQRI03SN
3EdQRI03SN	3EKL3ql7i3
3EKL3ql7i3	3FiOhv95xu
3FiOhv95xu	3FMDcvd8qa
3FMDcvd8qa	3Ge1vM0Dh3
3Ge1vM0Dh3	3GJatqgALE
3GJatqgALE	3HcUDbd2c5
3HcUDbd2c5	3HHT1J5Fup
3HHT1J5Fup	3IbW0dV2k5
3IbW0dV2k5	3IGBzka9Vp
3IGBzka9Vp	3I96NXr5DT
3I96NXr5DT	3KyIKyP01S
3KyIKyP01S	3LlM4Sl2KA
3LlM4Sl2KA	3LPAkLxB5j
3LPAkLxB5j	3MmMZEb5th
3MmMZEb5th	3MTsSO37GE
3MTsSO37GE	3NpQjxl8p7
3NpQjxl8p7	3NTW0ub5pX
3NTW0ub5pX	3OqyXyzCrp
3OqyXyzCrp	3OWl2jtCKo
3OWl2jtCKo	3PtgdXC45J
3PtgdXC45J	3PZX0lw5Co
3PZX0lw5Co	3Qvnf19En0
3Qvnf19En0	3QZNtu5DYr
3QZNtu5DYr	3RxxbNF5Dg
3RxxbNF5Dg	3R26Vpx37S
3R26Vpx37S	3SxFTxn3hy
3SxFTxn3hy	3S3dWym6Au
3S3dWym6Au	3TzzNbP7ec
3TzzNbP7ec	3T5ld7h45L
3T5ld7h45L	3UzHR74Dv4
3UzHR74Dv4	3U40mI78Y6
3U40mI78Y6	3VAGxhB30A
3VAGxhB30A	3V32YBl36B
3V32YBl36B	3WBwrf183S
3WBwrf183S	3W7BPDF0kC
3W7BPDF0kC	3XEhbRiJV4
3XEhbRiJV4	3X8CX8m6Cv
3X8CX8m6Cv	3YHgvDQ4si
3YHgvDQ4si	3ZcHWRW5mf
3ZcHWRW5mf	3ZHFAHd3q8
3ZHFAHd3q8	30CNtFS4fc
30CNtFS4fc	31msuEw947
31msuEw947	32oTiCY5Dk
32oTiCY5Dk	32StXDn0BN
32StXDn0BN	33l9DH730A
33l9DH730A	33SFf0cJtF
33SFf0cJtF	34oCcJq3qj
34oCcJq3qj	34TmG6YAzf
34TmG6YAzf	35oh3Mf2Un
35oh3Mf2Un	35TisfKE60
35TisfKE60	36nhMYO70m
36nhMYO70m	36RbStY046
36RbStY046	37lIBfB9dT
37lIBfB9dT	37SbZl60Nn
37SbZl60Nn	38mMyh5Fgm
38mMyh5Fgm	38RvvWV3Lr
38RvvWV3Lr	39kEWK59wl
39kEWK59wl	39M60J17r0
39M60J17r0	4aiXyDJ30A
4aiXyDJ30A	4aMUtVUE6H
4aMUtVUE6H	4bh4SeK00A
4bh4SeK00A	4bMA5zN30A
4bMA5zN30A	4ciONBeEAf
4ciONBeEAf	4cOWueZ1Kr
4cOWueZ1Kr	4dkbkv337S
4dkbkv337S	4dN4SMk0Ke
4dN4SMk0Ke	4ek8EprC96
4ek8EprC96	4eSrmdeBhB
4eSrmdeBhB	4fnRM01KQP
4fnRM01KQP	4fSyRY2Dys
4fSyRY2Dys	4gpGaYd2Ld
4gpGaYd2Ld	4gUsvAY4kv
4gUsvAY4kv	4hnD3ryBb9
4hnD3ryBb9	4hSARKSA9K
4hSARKSA9K	4ioBnQMGdj
4ioBnQMGdj	4iSQw0943S
4iSQw0943S	4joKAQMAHZ
4joKAQMAHZ	4jT2Nj38jS
4jT2Nj38jS	4koqEQW5oq
4koqEQW5oq	4kS5UCxLq0
4kS5UCxLq0	4lnHn3y199
4lnHn3y199	4lUVH4W7xr
4lUVH4W7xr	4mphavnC4Q
4mphavnC4Q	4mTZ7IyCQb
4mTZ7IyCQb	4npYk72EJH
4npYk72EJH	4nTT0hl37S
4nTT0hl37S	4onnbtp36B
4onnbtp36B	4o3nB3S9q0
4o3nB3S9q0	4qAycuCJEQ
4qAycuCJEQ	4q7bAhP2hB
4q7bAhP2hB	4rBhlrN42A
4rBhlrN42A	4r7yUrkDuO
4r7yUrkDuO	4sDF4ui5bY
4sDF4ui5bY	4s7KHjlC4Q
4s7KHjlC4Q	4tCaxukBbF
4tCaxukBbF	4t61wKf54S
4t61wKf54S	4uBcQdC4k5
4uBcQdC4k5	4u7bbtp5Dp
4u7bbtp5Dp	4vDhNdx04F
4vDhNdx04F	4v8s1iF23g
4v8s1iF23g	4wDLjqn2LI
4wDLjqn2LI	4w59Gt701S
4w59Gt701S	4xCz33e6Y7
4xCz33e6Y7	4x8qVUX38A
4x8qVUX38A	4yD5z1BAS2
4yD5z1BAS2	4y7V9kX40S
4y7V9kX40S	4zEpsaf30A
4zEpsaf30A	4z9soDp36B
4z9soDp36B	4ACvDpR43S
4ACvDpR43S	4A5V21G8XT
4A5V21G8XT	4BC9Z7E5TH
4BC9Z7E5TH	4B7bXOq7MX
4B7bXOq7MX	4CAhRsP44S
4CAhRsP44S	4C5aKYnCQa
4C5aKYnCQa	4Eejv97CQd
4Eejv97CQd	4FfSEQI4k5
4FfSEQI4k5	4FJ7Fjd42A
4FJ7Fjd42A	4GfxfXMJkK
4GfxfXMJkK	4GGz8wiCuS
4GGz8wiCuS	4HaRykC5Du
4HaRykC5Du	4HFjzrl41S
4HFjzrl41S	4H9Azp3KQZ
4H9Azp3KQZ	4IFoslA3q8
4IFoslA3q8	4I95eq48QD
4I95eq48QD	4JENSLSD1N
4JENSLSD1N	4J7CqvL2JJ
4J7CqvL2JJ	4KBtSIZB3r
4KBtSIZB3r	4K55NUWCJt
4K55NUWCJt	4LBt5Sl5DT
4LBt5Sl5DT	4L4SIMFD55
4L4SIMFD55	4MyET1i6Y7
4MyET1i6Y7	4M0xch9Mzh
4M0xch9Mzh	4NxnfMi1zr
4NxnfMi1zr	4N0XmdQ5Fx
4N0XmdQ5Fx	4OwIwMT3UZ
4OwIwMT3UZ	4O1qAib5nI
4O1qAib5nI	4Pxx1i20Yt
4Pxx1i20Yt	4P1A2qiB47
4P1A2qiB47	4QvEXbH7Vl
4QvEXbH7Vl	4Q0kyLI0ZX
4Q0kyLI0ZX	4Rtw6XPA3u
4Rtw6XPA3u	4RWQFYP01S
4RWQFYP01S	4SqaifZ34A
4SqaifZ34A	4SUHILh54S
4SUHILh54S	4ToJcj81Kr
4ToJcj81Kr	4TUkGgmGpI
4TUkGgmGpI	4UonL9707S
4UonL9707S	4UTMYhF30A
4UTMYhF30A	4Vm8haT01S
4Vm8haT01S	4VTb6Qy83S
4VTb6Qy83S	4XgQ8hh5DQ
4XgQ8hh5DQ	4XT4XHp4k5
4XT4XHp4k5	4YApdKj83S
4YApdKj83S	4Y3oRhh43S
4Y3oRhh43S	4ZzDvMc1Zn
4ZzDvMc1Zn	4Z32xyoAMQ
4Z32xyoAMQ	40w11mjDUT
40w11mjDUT	401XFHC9eg
401XFHC9eg	41xg1o2199
41xg1o2199	412FU5vB6P
412FU5vB6P	42ycfMYBS0
42ycfMYBS0	422ubyb30A
422ubyb30A	43xeD0V5Cu
43xeD0V5Cu	431SNgL9x3
431SNgL9x3	44xqtCI5Ds
44xqtCI5Ds	441PLHe10S
441PLHe10S	45wwZyV2Nl
45wwZyV2Nl	45Zpz687l7
45Zpz687l7	46yC0a936B
46yC0a936B	463xYU24iv
463xYU24iv	47wO11j8p7
47wO11j8p7	472xtD7ICJ
472xtD7ICJ	48wDYqE1tm
48wDYqE1tm	480GM2D57F
480GM2D57F	49w4rHS99d
49w4rHS99d	493vQi933A
493vQi933A	5azN0pl37S
5azN0pl37S	5a58Q4t4tA
5a58Q4t4tA	5bzmtu95DL
5bzmtu95DL	5b4A7BC03p
5b4A7BC03p	5cAVlV27l7
5cAVlV27l7	5c3TbKk1It
5c3TbKk1It	5dACLtR42A
5dACLtR42A	5d55Zt55DT
5d55Zt55DT	5eAwn2VIQj
5eAwn2VIQj	5e5TsGF0AH
5e5TsGF0AH	5fC9zK14a5
5fC9zK14a5	5gaSlPu4nd
5gaSlPu4nd	5gFpnsn43S
5gFpnsn43S	5g9Y4eX07S
5g9Y4eX07S	5hDNH0f3RG
5hDNH0f3RG	5h9wNE591z
5h9wNE591z	5iDEWml8kF
5iDEWml8kF	5j0bet6BjD
5j0bet6BjD	5kyPsXM2Sj
5kyPsXM2Sj	5lll2QxBs6
5lll2QxBs6	5lPxSn7GUs
5lPxSn7GUs	5mlfleHAzW
5mlfleHAzW	5mQufRPBp1
5mQufRPBp1	5nki4JP4c1
5nki4JP4c1	5nQpDbW6d7
5nQpDbW6d7	5okIFvBA15
5okIFvBA15	5oQRBd063f
5oQRBd063f	5plax3TLng
5plax3TLng	5pPkLGj261
5pPkLGj261	5qkgfAD6CQ
5qkgfAD6CQ	5qNrdY12en
5qNrdY12en	5rjvCpy3Xv
5rjvCpy3Xv	5rNFyizHh1
5rNFyizHh1	5shpxir54S
5shpxir54S	5sMHOiI3hy
5sMHOiI3hy	5tiELl04YD
5tiELl04YD	5tOQqZA9A4
5tOQqZA9A4	5uhLOaDCJ8
5uhLOaDCJ8	5uNQFDg9A4
5uNQFDg9A4	5vjRlu08kO
5vjRlu08kO	5vN0RUb2hL
5vN0RUb2hL	5wlrcAU046
5wlrcAU046	5wQ38mU9E4
5wQ38mU9E4	5xmJ7vvDzy
5xmJ7vvDzy	5xR8v8z43S
5xR8v8z43S	5yonB7pDJD
5yonB7pDJD	5yUcuL3Dpj
5yUcuL3Dpj	5zmvAcr11K
5zmvAcr11K	5zTWwnh30A
5zTWwnh30A	5AnPkgw8Kw
5AnPkgw8Kw	5ASf5r11uv
5ASf5r11uv	5BlKaNRBYF
5BlKaNRBYF	5BNB1xi94v
5BNB1xi94v	5CidxPa4nd
5CidxPa4nd	5CNQ77p43S
5CNQ77p43S	5Dh3Xdt8Nn
5Dh3Xdt8Nn	5DM3JLQ1mN
5DM3JLQ1mN	5EhoRpAG8k
5EhoRpAG8k	5EKXDIgJV4
5EKXDIgJV4	5FeXxqFDWr
5FeXxqFDWr	5FJJ6t13oq
5FJJ6t13oq	5GdthWE2Nd
5GdthWE2Nd	5GItAu13tZ
5GItAu13tZ	5He5EFM4kv
5He5EFM4kv	5HJ4OWM8Nn
5HJ4OWM8Nn	5IcYvD730A
5IcYvD730A	5IHElvt37S
5IHElvt37S	5Jazcll36B
5Jazcll36B	5JFzUjR33A
5JFzUjR33A	5J8avcHBp1
5J8avcHBp1	5KAD9of37S
5KAD9of37S	5K5eAQbD0M
5K5eAQbD0M	5LzfDjg4tA
5LzfDjg4tA	5L2w4tTA6L
5L2w4tTA6L	5MxrtT2Bn5
5MxrtT2Bn5	5M2nbqjAEx
5M2nbqjAEx	5NwnZYZ6eV
5NwnZYZ6eV	5N0l7MDALF
5N0l7MDALF	5OvQMCa4qJ
5OvQMCa4qJ	5O0au5j4Al
5O0au5j4Al	5Pu87j04iv
5Pu87j04iv	5P0AJcO9Hn
5P0AJcO9Hn	5RaD0Vd34A
5RaD0Vd34A	5SdoQYX50Q
5SdoQYX50Q	5SJANh14iv
5SJANh14iv	5TfRVZP2LD
5TfRVZP2LD	5TM8ijLA5E
5TM8ijLA5E	5Ugzrt82AW
5Ugzrt82AW	5UKqNON5kK
5UKqNON5kK	5VfZcviCOg
5VfZcviCOg	5VJxHQgLFV
5VJxHQgLFV	5WdT7hJ43S
5WdT7hJ43S	5WJotF336B
5WJotF336B	5Xc5MiD7D3
5Xc5MiD7D3	5XHiKsp4D7
5XHiKsp4D7	5Ycqh449t0
5Ycqh449t0	5YJEJ1P2PS
5YJEJ1P2PS	5ZcE5EP29F
5ZcE5EP29F	5ZHAxG11r3
5ZHAxG11r3	50clN3Z30A
50clN3Z30A	50Gp9df8qb
50Gp9df8qb	51a5u5J40S
51a5u5J40S	51GNkx5CQd
51GNkx5CQd	52cA3so5Co
52cA3so5Co	52IaNP0CkL
52IaNP0CkL	53e0VdXCMX
53e0VdXCMX	53J46t737S
53J46t737S	54deC9K199
54deC9K199	54ILogr37S
54ILogr37S	55fwRZR30A
55fwRZR30A	55LIBWcHab
55LIBWcHab	56gqDuT39F
56gqDuT39F	56KKFCT04F
56KKFCT04F	57F8Kvx8ZL
57F8Kvx8ZL	58pIqiFAPD
58pIqiFAPD	59uKUGM947
59uKUGM947	59YZ8fh40S
59YZ8fh40S	6atJQg8MQk
6atJQg8MQk	6aW6p7J40S
6aW6p7J40S	6bsrPA2AR1
6bsrPA2AR1	6bXxH0EEDF
6bXxH0EEDF	6crOc1y10S
6crOc1y10S	6cXZ3VdHav
6cXZ3VdHav	6d3WhzW5lA
6d3WhzW5lA	6eZXrnB5Ds
6eZXrnB5Ds	6fE88U6947
6fE88U6947	6gdDBrXG3t
6gdDBrXG3t	6gJiaFY5Cz
6gJiaFY5Cz	6hdREED36B
6hdREED36B	6hKdk6E191
6hKdk6E191	6ifYe5OH5O
6ifYe5OH5O	6iNOljQ2OJ
6iNOljQ2OJ	6jiZPQrE0v
6jiZPQrE0v	6jPKef35Ps
6jPKef35Ps	6klZgD42Nd
6klZgD42Nd	6kRlleELLm
6kRlleELLm	6lngn9G191
6lngn9G191	6lS7ucr6V9
6lS7ucr6V9	6mn1JluCOl
6mn1JluCOl	6mUNx3N9Zp
6mUNx3N9Zp	6npR8RA7hD
6npR8RA7hD	6nWBqEh5Cn
6nWBqEh5Cn	6ort6xe2PY
6ort6xe2PY	6oYr6yB5oq
6oYr6yB5oq	6psdwHM8Oo
6psdwHM8Oo	6pYCLgE4jJ
6pYCLgE4jJ	6qskWzm7Oq
6qskWzm7Oq	6qWNPiUASS
6qWNPiUASS	6rsdM068iJ
6rsdM068iJ	6rXk6uv30A
6rXk6uv30A	6ssHRgq9V3
6ssHRgq9V3	6sZuLFx197
6sZuLFx197	6tufGHk4se
6tufGHk4se	6t1svdC2Kc
6t1svdC2Kc	6uv6Z441Kr
6uv6Z441Kr	6u2whSXAAz
6u2whSXAAz	6vyB06t9x3
6vyB06t9x3	6v541eZ7dY
6v541eZ7dY	6xsBotjDYN
6xsBotjDYN	6yfsI9NAYx
6yfsI9NAYx	6yI5gFc2gd
6yI5gFc2gd	6zewu812kE
6zewu812kE	6zJygAU10S
6zJygAU10S	6AcX5394rN
6AcX5394rN	6AKf7jiBot
6AKf7jiBot	6BfqOzl7D3
6BfqOzl7D3	6BKH9IJFxz
6BKH9IJFxz	6CdyMhREbg
6CdyMhREbg	6CICnvF01S
6CICnvF01S	6DfeJBx42A
6DfeJBx42A	6DJScVR4qv
6DJScVR4qv	6EdkToI0BN
6EdkToI0BN	6EHerKb36B
6EHerKb36B	6FanCSI6Nh
6FanCSI6Nh	6FFBywk4pP
6FFBywk4pP	6GaNnEn58F
6GaNnEn58F	6GEp6AO83M
6GEp6AO83M	6G8rHv6Hbo
6G8rHv6Hbo	6HCF6RN43S
6HCF6RN43S	6H5JqMkBaR
6H5JqMkBaR	6IAdPxG8rG
6IAdPxG8rG	6I5YFF337S
6I5YFF337S	6Jymrbu10S
6Jymrbu10S	6J2Y3oRMxR
6J2Y3oRMxR	6KW0CHJ37S
6KW0CHJ37S	6Mel4ZQHKR
6Mel4ZQHKR	6MKM6Wz6lq
6MKM6Wz6lq	6NgyB7Z33A
6NgyB7Z33A	6NLywpF37S
6NLywpF37S	6OerNuZBQj
6OerNuZBQj	6OJWXHH5oq
6OJWXHH5oq	6Pftm5p41S
6Pftm5p41S	6PKb0SeBEP
6PKb0SeBEP	6Qdzgzh1zx
6Qdzgzh1zx	6QJsKUPGh9
6QJsKUPGh9	6RbsyVn3tc
6RbsyVn3tc	6RFVhmECrd
6RFVhmECrd	6R91Mcj37S
6R91Mcj37S	6SGmpwF5Dk
6SGmpwF5Dk	6S96mx19Vh
6S96mx19Vh	6TEyhWS7LI
6TEyhWS7LI	6T6UPNR36B
6T6UPNR36B	6UC22axEh2
6UC22axEh2	6U795xa3dA
6U795xa3dA	6VBd8oE1EP
6VBd8oE1EP	6V5jLVGICJ
6V5jLVGICJ	6WA7dn0199
6WA7dn0199	6W7pkDn8nB
6W7pkDn8nB	6XBvrDoMPo
6XBvrDoMPo	6X5zcvxDge
6X5zcvxDge	6YAvO843Xv
6YAvO843Xv	6Y3YpLW199
6Y3YpLW199	6ZzhLQi5wz
6ZzhLQi5wz	6Z3yzru7jW
6Z3yzru7jW	60wWwp16bi
60wWwp16bi	602Gils6cu
602Gils6cu	61GsYwY5Cm
61GsYwY5Cm	63bTtjQ5Cx
63bTtjQ5Cx	63GSEOP30A
63GSEOP30A	64elwA515A
64elwA515A	64Kn1FD6pe
64Kn1FD6pe	65c0pQB4bn
65c0pQB4bn	65IwrUT9TC
65IwrUT9TC	66dcHsG5Ps
66dcHsG5Ps	66If8Ve5dB
66If8Ve5dB	67avgAwAsh
67avgAwAsh	67F4mLh9Zp
67F4mLh9Zp	68anFvZ9Bz
68anFvZ9Bz	68GL81j64q
68GL81j64q	69aMs2W77R
69aMs2W77R	69FgsAX2Tw
69FgsAX2Tw	699yldqIwz
699yldqIwz	7aEtSEp0C5
7aEtSEp0C5	7a8MROO6b9
7a8MROO6b9	7bDLmgo7Oq
7bDLmgo7Oq	7b78w92CJt
7b78w92CJt	7cEznmHH6i
7cEznmHH6i	7dajXHE9n1
7dajXHE9n1	7dHOhRD9Zp
7dHOhRD9Zp	7eaYI0q1GK
7eaYI0q1GK	7eFI98p4iv
7eFI98p4iv	7faVZOU196
7faVZOU196	7fE49Fx36B
7fE49Fx36B	7f8uTNBGiK
7f8uTNBGiK	7gDOrSr07S
7gDOrSr07S	7g9hdjoC8p
7g9hdjoC8p	7hEfkJR7Bp
7hEfkJR7Bp	7h9YeGA4co
7h9YeGA4co	7iDzQSKFxI
7iDzQSKFxI	7i8p8sB8iJ
7i8p8sB8iJ	7jDF1nD92i
7jDF1nD92i	7j9dnsH37S
7j9dnsH37S	7kCeoPG5Fe
7kCeoPG5Fe	7k64Y6oAzW
7k64Y6oAzW	7lAlFH74ZD
7lAlFH74ZD	7l4DC27F99
7l4DC27F99	7myLc3t37S
7myLc3t37S	7m3GufgCec
7m3GufgCec	7nxMS1L26z
7nxMS1L26z	7n3l7KR0AR
7n3l7KR0AR	7oxTskb7PC
7oxTskb7PC	7o3fhxH81N
7o3fhxH81N	7pxM7f1COq
7pxM7f1COq	7p4hEWX43S
7p4hEWX43S	7rcANr296d
7rcANr296d	7sfOfSu5DQ
7sfOfSu5DQ	7sIRcpi5q5
7sIRcpi5q5	7tgQ6RI83M
7tgQ6RI83M	7tMpW9C4wm
7tMpW9C4wm	7ufVzLB4p3
7ufVzLB4p3	7uKURzV37S
7uKURzV37S	7vfwNRgDV0
7vfwNRgDV0	7vKbviY4co
7vKbviY4co	7weNIBi2Nd
7weNIBi2Nd	7wJP8gj36B
7wJP8gj36B	7xgWDY2J5y
7xgWDY2J5y	7xLFWm95Oi
7xLFWm95Oi	7yhFxzxA2S
7yhFxzxA2S	7yNjBar07S
7yNjBar07S	7ziHJNrAns
7ziHJNrAns	7zPqbqoIdh
7zPqbqoIdh	7AlXYxr8mC
7AlXYxr8mC	7AR8uRH45L
7AR8uRH45L	7BmLlC610S
7BmLlC610S	7BQ6kaoAzZ
7BQ6kaoAzZ	7CkS0oODxO
7CkS0oODxO	7CPQry72uR
7CPQry72uR	7DlFHZRJkK
7DlFHZRJkK	7DOBVFBL89
7DOBVFBL89	7EmDynDA6L
7EmDynDA6L	7EZkDQqALE
7EZkDQqALE	7GwRfLjBWO
7GwRfLjBWO	7G5Nw0k8ZL
7G5Nw0k8ZL	7HBYaAf5Dm
7HBYaAf5Dm	7H6PjMb8un
7H6PjMb8un	7IBT1s101S
7IBT1s101S	7I7lbca6aI
7I7lbca6aI	7JAV2Lz5Ft
7JAV2Lz5Ft	7J5y0ll43S
7J5y0ll43S	7KAUCQ66eV
7KAUCQ66eV	7K5I1tB30A
7K5I1tB30A	7LBulAmCpQ
7LBulAmCpQ	7L55hMP54S
7L55hMP54S	7MAf6WwEhA
7MAf6WwEhA	7M6v07U06Q
7M6v07U06Q	7NBib2X01S
7NBib2X01S	7N6uwvn2qT
7N6uwvn2qT	7OA6zsi5gq
7OA6zsi5gq	7O7M5Nx30A
7O7M5Nx30A	7PBPU5h2N2
7PBPU5h2N2	7P6tQVv8mw
7P6tQVv8mw	7QB4sMoCOn
7QB4sMoCOn	7Q9NShm5DA
7Q9NShm5DA	7RE2Dnn03B
7RE2Dnn03B	7Sac5OtAmr
7Sac5OtAmr	7SEzhhL2qe
7SEzhhL2qe	7TbNsv337S
7TbNsv337S	7TIdtQn07S
7TIdtQn07S	7UcIQPaCDO
7UcIQPaCDO	7UH1UnB7r0
7UH1UnB7r0	7Vfg8bz6cS
7Vfg8bz6cS	7VJFu3uBm3
7VJFu3uBm3	7WfBWWj9ED
7WfBWWj9ED	7WKoh1B4qv
7WKoh1B4qv	7XDYMVoBvk
7XDYMVoBvk	7X89mJm5mG
7X89mJm5mG	7ZrLEwR5Cp
7ZrLEwR5Cp	7ZXjxABDJA
7ZXjxABDJA	70r4IDECwr
70r4IDECwr	70YsCbRFZ9
70YsCbRFZ9	71rziRX4cg
71rziRX4cg	71V4mPe4tA
71V4mPe4tA	72qZ0BW63O
72qZ0BW63O	72VCzQJ5DI
72VCzQJ5DI	73pKTrwLro
73pKTrwLro	73VNZwz88W
73VNZwz88W	74q4Duz43S
74q4Duz43S	74VonCR3fz
74VonCR3fz	75qaVJB30A
75qaVJB30A	75WatRDBEE
75WatRDBEE	76qrpCS3hy
76qrpCS3hy	76VuDrd37S
76VuDrd37S	77pdbCK8kF
77pdbCK8kF	77UZClmBS0
77UZClmBS0	78qegSrAPz
78qegSrAPz	78VJtYzALI
78VJtYzALI	79qkxw38Sn
79qkxw38Sn	79VZPhaEV7
79VZPhaEV7	8aqECG35Hl
8aqECG35Hl	8aUUqCv36B
8aUUqCv36B	8bntneu9gf
8bntneu9gf	8bRBpze9Zp
8bRBpze9Zp	8cnHdOk196
8cnHdOk196	8cPaJ9t30A
8cPaJ9t30A	8dlQzwe9q0
8dlQzwe9q0	8dQBZcv01S
8dQBZcv01S	8elKaZ736B
8elKaZ736B	8eQ1ByY5DT
8eQ1ByY5DT	8fmMXyd3nz
8fmMXyd3nz	8fSEUJe8p7
8fSEUJe8p7	8gmV6u2CCS
8gmV6u2CCS	8gRC3Hg3oP
8gRC3Hg3oP	8hm86KH01S
8hm86KH01S	8hSClRY6sv
8hSClRY6sv	8invYbV4ZK
8invYbV4ZK	8iTCr2l9JN
8iTCr2l9JN	8jqyXCr36B
8jqyXCr36B	8jV7nhT6V1
8jV7nhT6V1	8kMiJzQ9mp
8kMiJzQ9mp	8lwfrTOCpS
8lwfrTOCpS	8mDh7Fq5Ch
8mDh7Fq5Ch	8m83gYM5Cw
8m83gYM5Cw	8nCBLeL33A
8nCBLeL33A	8oazNOi6t4
8oazNOi6t4	8oFE1PP5Sa
8oFE1PP5Sa	8panlsv34A
8panlsv34A	8pHstdZ9n2
8pHstdZ9n2	8qbgh4z37S
8qbgh4z37S	8qGOmK937S
8qGOmK937S	8raeJyl7D3
8raeJyl7D3	8rFfpll1qi
8rFfpll1qi	8r95has0R4
8r95has0R4	8sDr9KA6AD
8sDr9KA6AD	8ta5bAh7xr
8ta5bAh7xr	8tD8ymZ7Jo
8tD8ymZ7Jo	8t9ybCS6nn
8t9ybCS6nn	8uFt9jkCGB
8uFt9jkCGB	8vcPZtJBdr
8vcPZtJBdr	8vHCRYf37S
8vHCRYf37S	8wcguVl44S
8wcguVl44S	8wG5BAn34A
8wG5BAn34A	8xcl5W62dT
8xcl5W62dT	8xHFmgz07S
8xHFmgz07S	8ycg7Rh37S
8ycg7Rh37S	8yIC5fZ4kv
8yIC5fZ4kv	8zhbp2zGtJ
8zhbp2zGtJ	8zLkithE6H
8zLkithE6H	8AfZErhJBs
8AfZErhJBs	8AVb4aI1zp
8AVb4aI1zp	8Bw7QSoCQd
8Bw7QSoCQd	8B3OEPMGnp
8B3OEPMGnp	8CzTVUy8ZL
8CzTVUy8ZL	8C6QPGQFjK
8C6QPGQFjK	8DBcXvs4zC
8DBcXvs4zC	8D6GfhU7r0
8D6GfhU7r0	8EBUwdOBVn
8EBUwdOBVn	8E6msUb30A
8E6msUb30A	8FCqxsc9P2
8FCqxsc9P2	8F9kGnDAjA
8F9kGnDAjA	8GE9RI65Cz
8GE9RI65Cz	8G9HXrBBGv
8G9HXrBBGv	8HEtCsL37S
8HEtCsL37S	8IaJzjn6mW
8IaJzjn6mW	8IFMEPhFns
8IFMEPhFns	8JaAXYK4nd
8JaAXYK4nd	8JEJcGDAVR
8JEJcGDAVR	8KbnmHy3HH
8KbnmHy3HH	8KFwBZU4aK
8KFwBZU4aK	8LclLJi191
8LclLJi191	8LFgfVx15A
8LFgfVx15A	8MafCGXAi2
8MafCGXAi2	8MFBxhp43S
8MFBxhp43S	8Nbk8x01GA
8Nbk8x01GA	8NFp3en8Op
8NFp3en8Op	8N9J2ob3M6
8N9J2ob3M6	8OGlhbt34A
8OGlhbt34A	8Pa4eeJ4bn
8Pa4eeJ4bn	8PEEWN75vM
8PEEWN75vM	8P9tFYrA16
8P9tFYrA16	8QEOZjF07S
8QEOZjF07S	8Q7YuUU5qz
8Q7YuUU5qz	8RLJWMs4p0
8RLJWMs4p0	8Th7VOz30A
8Th7VOz30A	8TLBGWPGLk
8TLBGWPGLk	8UioXQh2Nd
8UioXQh2Nd	8UMyM5aLK3
8UMyM5aLK3	8VgNY3P2Sj
8VgNY3P2Sj	8VMvVoH197
8VMvVoH197	8WhSg3y4co
8WhSg3y4co	8WN0s0cASS
8WN0s0cASS	8XhHhFH4rN
8XhHhFH4rN	8XMuJlzClV
8XMuJlzClV	8YiLzdp6t4
8YiLzdp6t4	8YMAZP76cS
8YMAZP76cS	8ZfggzL6p7
8ZfggzL6p7	8ZJXQLX8nB
8ZJXQLX8nB	80f3CVz9xI
80f3CVz9xI	80JTmE2A3u
80JTmE2A3u	81eL36g3aN
81eL36g3aN	81KBZKv4iv
81KBZKv4iv	82d7CoT37S
82d7CoT37S	82Ho6KwAzi
82Ho6KwAzi	83db9ov37S
83db9ov37S	83JOy1Z5DN
83JOy1Z5DN	84d5u794c1
84d5u794c1	84GLQ8n30A
84GLQ8n30A	85ekRlb6uL
85ekRlb6uL	85H9sMN1Ij
85H9sMN1Ij	86eczWT36B
86eczWT36B	86J2YAD37S
86J2YAD37S	87gjNeB2qR
87gjNeB2qR	87KgtMlCzc
87KgtMlCzc	88ewTsm9P1
88ewTsm9P1	88IlKxlEin
88IlKxlEin	893Onx301S
893Onx301S	9az3zjM6xC
9az3zjM6xC	9a5Shlh83S
9a5Shlh83S	9bBEHHa90Z
9bBEHHa90Z	9b51e7t6d7
9b51e7t6d7	9cAe4xqADj
9cAe4xqADj	9c5wDsP34A
9c5wDsP34A	9dzGwWB6mE
9dzGwWB6mE	9d35zw86HI
9d35zw86HI	9eF7P8O83M
9eF7P8O83M	9gaTvPS5Cz
9gaTvPS5Cz	9gFUzUu1Hp
9gFUzUu1Hp	9hevfbtBFX
9hevfbtBFX	9hJIOAbBVn
9hJIOAbBVn	9icXgF45Sm
9icXgF45Sm	9iGhKyY199
9iGhKyY199	9jcUEfh49S
9jcUEfh49S	9jEY8im8iJ
9jEY8im8iJ	9kaaIdL4Zj
9kaaIdL4Zj	9kD3uU533A
9kD3uU533A	9k7JVha4kN
9k7JVha4kN	9lzP1Oc5Mp
9lzP1Oc5Mp	9l4OLg154S
9l4OLg154S	9myAAu2046
9myAAu2046	9m4rJcK9so
9m4rJcK9so	9nwfBS0COB
9nwfBS0COB	9n3J2mD4jJ
9n3J2mD4jJ	9oyUPXr02u
9oyUPXr02u	9o23vMd5Cm
9o23vMd5Cm	9pwCVBc9fm
9pwCVBc9fm	9p1K40D9Vh
9p1K40D9Vh	9qzf9X212I
9qzf9X212I	9q4ok595Je
9q4ok595Je	9rx6hu540S
9rx6hu540S	9r5eT595oX
9r5eT595oX	9sCdMbTEnF
9sCdMbTEnF	9s6P45ACEA
9s6P45ACEA	9tzs6id88J
9tzs6id88J	9t37pPr72f
9t37pPr72f	9uzSph79us
9uzSph79us	9u27n2B7ck
9u27n2B7ck	9vAZwif37S
9vAZwif37S	9v62pLQH3U
9v62pLQH3U	9wAT3ds9x3
9wAT3ds9x3	9w5mw6u5Cv
9w5mw6u5Cv	9xVHWyK83M
9xVHWyK83M	9ze7gv7APH
9ze7gv7APH	9zKbw7S9Vh
9zKbw7S9Vh	9AgdWYz36B
9AgdWYz36B	9AJzSJF40S
9AJzSJF40S	9BgNT8r30A
9BgNT8r30A	9BNmnBkGEB
9BNmnBkGEB	9ChT0BrB7S
9ChT0BrB7S	9CMojwJ5DI
9CMojwJ5DI	9Dh60Pq1nH
9Dh60Pq1nH	9DLCcHi0AR
9DLCcHi0AR	9EhHl8D37S
9EhHl8D37S	9ENiOIdJPV
9ENiOIdJPV	9FjNUlF5Q0
9FjNUlF5Q0	9FMRyMr36B
9FMRyMr36B	9GjK1CA9q0
9GjK1CA9q0	9GQuOWY199
9GQuOWY199	9Hk3HLW2PZ
9Hk3HLW2PZ	9HPH2c521t
9HPH2c521t	9IlbAIM4kv
9IlbAIM4kv	9IR92az8ZQ
9IR92az8ZQ	9JmuMKI193
9JmuMKI193	9JR4SEc2My
9JR4SEc2My	9KoBIAfA2S
9KoBIAfA2S	9KVRa4305E
9KVRa4305E	9LsiEtt30A
9LsiEtt30A	9LWZIuGFhR
9LWZIuGFhR	9NiS3s69q0
9NiS3s69q0	9NVwoPC2qC
9NVwoPC2qC	9OyAwv23hy
9OyAwv23hy	9O2KS990SL
9O2KS990SL	9Pwh9OC2Nd
9Pwh9OC2Nd	9P2pxaL30A
9P2pxaL30A	9QwZko83YS
9QwZko83YS	9Q3H3iNLA6
9Q3H3iNLA6	9RxtBI37D3
9RxtBI37D3	9R0WdGIB6a
9R0WdGIB6a	9SwDa3e0Ut
9SwDa3e0Ut	9S2wav6DYR
9S2wav6DYR	9TvxGiY199
9TvxGiY199	9T0H6kI3Xt
9T0H6kI3Xt	9Utc4Ej44S
9Utc4Ej44S	9UZOpuTASS
9UZOpuTASS	9VuqJvMEcW
9VuqJvMEcW	9VZpt6XCpS
9VZpt6XCpS	9WsC9On2Q5
9WsC9On2Q5	9WYJOgM8s4
9WYJOgM8s4	9XufWdN30A
9XufWdN30A	9XYA7M82k5
9XYA7M82k5	9YthAfp43S
9YthAfp43S	9YXQvLo8qb
9YXQvLo8qb	9ZqOm5C3aN
9ZqOm5C3aN	9ZVLbF4191
9ZVLbF4191	90rTbg05Je
90rTbg05Je	90XcXFgGmy
90XcXFgGmy	91rbhEN6V9
91rbhEN6V9	91W2QnD0Oq
91W2QnD0Oq	92syJpx37S
92syJpx37S	92XcPLDBVn
92XcPLDBVn	933xdhZ45j
933xdhZ45j	94yLEoyBFV
94yLEoyBFV	95DkkyY199
95DkkyY199	957yaVk9Vh
957yaVk9Vh	96CPNdeENO
96CPNdeENO	968FCNd8AN
968FCNd8AN	97Eqk0D4YD
97Eqk0D4YD	979Qghs5Cm
979Qghs5Cm	98FHfCyJ9n
98FHfCyJ9n	99b1y0IAl9
99b1y0IAl9	99EJ7ek191
99EJ7ek191	9999999999